detid,segment,segment_group,orientation,ring,subdivision,rocid,slot,channel,enabled
110110,1,BF,BF,1,single,1,3,0,1
110120,1,BF,BF,2,single,1,3,1,1
110130,1,BF,BF,3,single,1,3,2,1
110140,1,BF,BF,4,single,1,3,3,1
110151,1,BF,BF,5,left,1,3,4,1
110152,1,BF,FF,5,centre,1,3,5,1
110153,1,BF,BF,5,right,1,3,6,1
110160,1,BF,BF,6,single,1,3,7,1
110210,2,BF,BF,1,single,1,3,8,1
110220,2,BF,BF,2,single,1,3,9,1
110230,2,BF,BF,3,single,1,3,10,1
110240,2,BF,BF,4,single,1,3,11,1
110251,2,BF,BF,5,left,1,3,12,1
110252,2,BF,FF,5,centre,1,3,13,1
110253,2,BF,BF,5,right,1,3,14,1
110260,2,BF,BF,6,single,1,3,15,1
110310,3,BF,BF,1,single,1,4,0,1
110320,3,BF,BF,2,single,1,4,1,1
110330,3,BF,BF,3,single,1,4,2,1
110340,3,BF,BF,4,single,1,4,3,1
110351,3,BF,BF,5,left,1,4,4,1
110352,3,BF,FF,5,centre,1,4,5,1
110353,3,BF,BF,5,right,1,4,6,1
110360,3,BF,BF,6,single,1,4,7,1
110410,4,BF,BF,1,single,1,4,8,1
110420,4,BF,BF,2,single,1,4,9,1
110430,4,BF,BF,3,single,1,4,10,1
110440,4,BF,BF,4,single,1,4,11,1
110451,4,BF,BF,5,left,1,4,12,1
110452,4,BF,FF,5,centre,1,4,13,1
110453,4,BF,BF,5,right,1,4,14,1
110460,4,BF,BF,6,single,1,4,15,1
110510,5,BF,BF,1,single,1,5,0,1
110520,5,BF,BF,2,single,1,5,1,1
110530,5,BF,BF,3,single,1,5,2,1
110540,5,BF,BF,4,single,1,5,3,1
110551,5,BF,BF,5,left,1,5,4,1
110552,5,BF,FF,5,centre,1,5,5,1
110553,5,BF,BF,5,right,1,5,6,1
110560,5,BF,BF,6,single,1,5,7,1
110610,6,BF,BF,1,single,1,5,8,1
110620,6,BF,BF,2,single,1,5,9,1
110630,6,BF,BF,3,single,1,5,10,1
110640,6,BF,BF,4,single,1,5,11,1
110651,6,BF,BF,5,left,1,5,12,1
110652,6,BF,FF,5,centre,1,5,13,1
110653,6,BF,BF,5,right,1,5,14,1
110660,6,BF,BF,6,single,1,5,15,1
110710,7,BF,BF,1,single,1,6,0,1
110720,7,BF,BF,2,single,1,6,1,1
110730,7,BF,BF,3,single,1,6,2,1
110740,7,BF,BF,4,single,1,6,3,1
110751,7,BF,BF,5,left,1,6,4,1
110752,7,BF,FF,5,centre,1,6,5,1
110753,7,BF,BF,5,right,1,6,6,1
110760,7,BF,BF,6,single,1,6,7,1
110810,8,BF,BF,1,single,1,6,8,1
110820,8,BF,BF,2,single,1,6,9,1
110830,8,BF,BF,3,single,1,6,10,1
110840,8,BF,BF,4,single,1,6,11,1
110851,8,BF,BF,5,left,1,6,12,1
110852,8,BF,FF,5,centre,1,6,13,1
110853,8,BF,BF,5,right,1,6,14,1
110860,8,BF,BF,6,single,1,6,15,1
110910,9,BF,BF,1,single,1,7,0,1
110920,9,BF,BF,2,single,1,7,1,1
110930,9,BF,BF,3,single,1,7,2,1
110940,9,BF,BF,4,single,1,7,3,1
110951,9,BF,BF,5,left,1,7,4,1
110952,9,BF,FF,5,centre,1,7,5,1
110953,9,BF,BF,5,right,1,7,6,1
110960,9,BF,BF,6,single,1,7,7,1
111010,10,BF,BF,1,single,1,7,8,1
111020,10,BF,BF,2,single,1,7,9,1
111030,10,BF,BF,3,single,1,7,10,1
111040,10,BF,BF,4,single,1,7,11,1
111051,10,BF,BF,5,left,1,7,12,1
111052,10,BF,FF,5,centre,1,7,13,1
111053,10,BF,BF,5,right,1,7,14,1
111060,10,BF,BF,6,single,1,7,15,1
111110,11,BF,BF,1,single,1,8,0,1
111120,11,BF,BF,2,single,1,8,1,1
111130,11,BF,BF,3,single,1,8,2,1
111140,11,BF,BF,4,single,1,8,3,1
111151,11,BF,BF,5,left,1,8,4,1
111152,11,BF,FF,5,centre,1,8,5,1
111153,11,BF,BF,5,right,1,8,6,1
111160,11,BF,BF,6,single,1,8,7,1
111210,12,BF,BF,1,single,1,8,8,1
111220,12,BF,BF,2,single,1,8,9,1
111230,12,BF,BF,3,single,1,8,10,1
111240,12,BF,BF,4,single,1,8,11,1
111251,12,BF,BF,5,left,1,8,12,1
111252,12,BF,FF,5,centre,1,8,13,1
111253,12,BF,BF,5,right,1,8,14,1
111260,12,BF,BF,6,single,1,8,15,1
111310,13,BF,BF,1,single,1,9,0,1
111320,13,BF,BF,2,single,1,9,1,1
111330,13,BF,BF,3,single,1,9,2,1
111340,13,BF,BF,4,single,1,9,3,1
111351,13,BF,BF,5,left,1,9,4,1
111352,13,BF,FF,5,centre,1,9,5,1
111353,13,BF,BF,5,right,1,9,6,1
111360,13,BF,BF,6,single,1,9,7,1
111410,14,BF,BF,1,single,1,9,8,1
111420,14,BF,BF,2,single,1,9,9,1
111430,14,BF,BF,3,single,1,9,10,1
111440,14,BF,BF,4,single,1,9,11,1
111451,14,BF,BF,5,left,1,9,12,1
111452,14,BF,FF,5,centre,1,9,13,1
111453,14,BF,BF,5,right,1,9,14,1
111460,14,BF,BF,6,single,1,9,15,1
150110,1,FF,FF,1,single,1,10,0,1
150120,1,FF,FF,2,single,1,10,1,1
150130,1,FF,FF,3,single,1,10,2,1
150140,1,FF,FF,4,single,1,10,3,1
150151,1,FF,FF,5,left,1,10,4,1
150152,1,FF,BF,5,centre,1,10,5,1
150153,1,FF,FF,5,right,1,10,6,1
150160,1,FF,FF,6,single,1,10,7,1
150210,2,FF,FF,1,single,1,10,8,1
150220,2,FF,FF,2,single,1,10,9,1
150230,2,FF,FF,3,single,1,10,10,1
150240,2,FF,FF,4,single,1,10,11,1
150251,2,FF,FF,5,left,1,10,12,1
150252,2,FF,BF,5,centre,1,10,13,1
150253,2,FF,FF,5,right,1,10,14,1
150260,2,FF,FF,6,single,1,10,15,1
150310,3,FF,FF,1,single,1,11,0,1
150320,3,FF,FF,2,single,1,11,1,1
150330,3,FF,FF,3,single,1,11,2,1
150340,3,FF,FF,4,single,1,11,3,1
150351,3,FF,FF,5,left,1,11,4,1
150352,3,FF,BF,5,centre,1,11,5,1
150353,3,FF,FF,5,right,1,11,6,1
150360,3,FF,FF,6,single,1,11,7,1
150410,4,FF,FF,1,single,1,11,8,1
150420,4,FF,FF,2,single,1,11,9,1
150430,4,FF,FF,3,single,1,11,10,1
150440,4,FF,FF,4,single,1,11,11,1
150451,4,FF,FF,5,left,1,11,12,1
150452,4,FF,BF,5,centre,1,11,13,1
150453,4,FF,FF,5,right,1,11,14,1
150460,4,FF,FF,6,single,1,11,15,1
150510,5,FF,FF,1,single,1,12,0,1
150520,5,FF,FF,2,single,1,12,1,1
150530,5,FF,FF,3,single,1,12,2,1
150540,5,FF,FF,4,single,1,12,3,1
150551,5,FF,FF,5,left,1,12,4,1
150552,5,FF,BF,5,centre,1,12,5,1
150553,5,FF,FF,5,right,1,12,6,1
150560,5,FF,FF,6,single,1,12,7,1
150610,6,FF,FF,1,single,1,12,8,1
150620,6,FF,FF,2,single,1,12,9,1
150630,6,FF,FF,3,single,1,12,10,1
150640,6,FF,FF,4,single,1,12,11,1
150651,6,FF,FF,5,left,1,12,12,1
150652,6,FF,BF,5,centre,1,12,13,1
150653,6,FF,FF,5,right,1,12,14,1
150660,6,FF,FF,6,single,1,12,15,1
150710,7,FF,FF,1,single,1,13,0,1
150720,7,FF,FF,2,single,1,13,1,1
150730,7,FF,FF,3,single,1,13,2,1
150740,7,FF,FF,4,single,1,13,3,1
150751,7,FF,FF,5,left,1,13,4,1
150752,7,FF,BF,5,centre,1,13,5,1
150753,7,FF,FF,5,right,1,13,6,1
150760,7,FF,FF,6,single,1,13,7,1
150810,8,FF,FF,1,single,1,13,8,1
150820,8,FF,FF,2,single,1,13,9,1
150830,8,FF,FF,3,single,1,13,10,1
150840,8,FF,FF,4,single,1,13,11,1
150851,8,FF,FF,5,left,1,13,12,1
150852,8,FF,BF,5,centre,1,13,13,1
150853,8,FF,FF,5,right,1,13,14,1
150860,8,FF,FF,6,single,1,13,15,1
150910,9,FF,FF,1,single,1,14,0,1
150920,9,FF,FF,2,single,1,14,1,1
150930,9,FF,FF,3,single,1,14,2,1
150940,9,FF,FF,4,single,1,14,3,1
150951,9,FF,FF,5,left,1,14,4,1
150952,9,FF,BF,5,centre,1,14,5,1
150953,9,FF,FF,5,right,1,14,6,1
150960,9,FF,FF,6,single,1,14,7,1
151010,10,FF,FF,1,single,1,14,8,1
151020,10,FF,FF,2,single,1,14,9,1
151030,10,FF,FF,3,single,1,14,10,1
151040,10,FF,FF,4,single,1,14,11,1
151051,10,FF,FF,5,left,1,14,12,1
151052,10,FF,BF,5,centre,1,14,13,1
151053,10,FF,FF,5,right,1,14,14,1
151060,10,FF,FF,6,single,1,14,15,1
151110,11,FF,FF,1,single,1,15,0,1
151120,11,FF,FF,2,single,1,15,1,1
151130,11,FF,FF,3,single,1,15,2,1
151140,11,FF,FF,4,single,1,15,3,1
151151,11,FF,FF,5,left,1,15,4,1
151152,11,FF,BF,5,centre,1,15,5,1
151153,11,FF,FF,5,right,1,15,6,1
151160,11,FF,FF,6,single,1,15,7,1
151210,12,FF,FF,1,single,1,15,8,1
151220,12,FF,FF,2,single,1,15,9,1
151230,12,FF,FF,3,single,1,15,10,1
151240,12,FF,FF,4,single,1,15,11,1
151251,12,FF,FF,5,left,1,15,12,1
151252,12,FF,BF,5,centre,1,15,13,1
151253,12,FF,FF,5,right,1,15,14,1
151260,12,FF,FF,6,single,1,15,15,1
151310,13,FF,FF,1,single,1,16,0,1
151320,13,FF,FF,2,single,1,16,1,1
151330,13,FF,FF,3,single,1,16,2,1
151340,13,FF,FF,4,single,1,16,3,1
151351,13,FF,FF,5,left,1,16,4,1
151352,13,FF,BF,5,centre,1,16,5,1
151353,13,FF,FF,5,right,1,16,6,1
151360,13,FF,FF,6,single,1,16,7,1
151410,14,FF,FF,1,single,1,16,8,1
151420,14,FF,FF,2,single,1,16,9,1
151430,14,FF,FF,3,single,1,16,10,1
151440,14,FF,FF,4,single,1,16,11,1
151451,14,FF,FF,5,left,1,16,12,1
151452,14,FF,BF,5,centre,1,16,13,1
151453,14,FF,FF,5,right,1,16,14,1
151460,14,FF,FF,6,single,1,16,15,1
