Energy [MeV],Scaling Factor
2.511,0.00854615
4.511,0.0589109
6.511,0.140093
8.511,0.22735
10.511,0.32426
12.511,0.397818
14.511,0.444155
16.511,0.476493
18.511,0.507698
20.511,0.549372
22.511,0.570931
24.511,0.601072
26.511,0.630064
28.511,0.642272
30.511,0.665994
32.511,0.683875
34.511,0.697517
36.511,0.718711
38.511,0.728837
40.511,0.738538
42.511,0.755268
44.511,0.767588
46.511,0.784623
48.511,0.78927
50.511,0.803242
52.511,0.817654
54.511,0.82733
56.511,0.833737
58.511,0.840328
60.511,0.848189
62.511,0.856243
64.511,0.855126
66.511,0.870831
68.511,0.874919
70.511,0.886068
72.511,0.891578
74.511,0.894705
76.511,0.897988
78.511,0.903682
80.511,0.914522
82.511,0.911799
84.511,0.916009
86.511,0.924853
88.511,0.927621
90.511,0.933213
92.511,0.938914
94.511,0.942661
96.511,0.944391
98.511,0.94824
100.511,0.956814
102.511,0.829335
104.511,0.835052
106.511,0.847693
108.511,0.848547
110.511,0.842634
112.511,0.845321
114.511,0.852903
116.511,0.854957
118.511,0.847733
120.511,0.85286
122.511,0.863179
124.511,0.866259
126.511,0.864104
128.511,0.852796
130.511,0.868906
132.511,0.86939
134.511,0.879808
136.511,0.868032
138.511,0.875721
140.511,0.877452
142.511,0.879576
144.511,0.867716
146.511,0.881271
148.511,0.882213
150.511,0.882276
152.511,0.891319
154.511,0.879625
156.511,0.883666
158.511,0.881875
160.511,0.897298
162.511,0.886971
164.511,0.888659
166.511,0.895687
168.511,0.899159
170.511,0.894831
172.511,0.89583
174.511,0.901108
176.511,0.900816
178.511,0.907164
180.511,0.898147
182.511,0.908192
184.511,0.908301
186.511,0.906565
188.511,0.906344
190.511,0.918351
192.511,0.911446
194.511,0.91549
196.511,0.91278
198.511,0.910614
200.511,0.917918
202.511,0.918028
204.511,0.912819
206.511,0.913834
208.511,0.916447
210.511,0.923541
212.511,0.918282
214.511,0.917085
216.511,0.91363
218.511,0.920313
220.511,0.924756
222.511,0.927115
224.511,0.919661
226.511,0.930308
228.511,0.921761
230.511,0.930111
232.511,0.929909
234.511,0.927035
236.511,0.922785
238.511,0.930457
240.511,0.931945
242.511,0.931769
244.511,0.932615
246.511,0.929652
248.511,0.934406
250.511,0.937978
252.511,0.931586
254.511,0.937143
256.511,0.928724
258.511,0.940372
260.511,0.938363
262.511,0.942884
264.511,0.937259
266.511,0.93688
268.511,0.942719
270.511,0.937621
272.511,0.937688
274.511,0.948207
276.511,0.938584
278.511,0.941968
280.511,0.937474
282.511,0.939867
284.511,0.950602
286.511,0.94451
288.511,0.941235
290.511,0.940849
292.511,0.946713
294.511,0.945813
296.511,0.95174
298.511,0.939459
300.511,0.950737
302.511,0.95059
304.511,0.94437
306.511,0.946147
308.511,0.937959
310.511,0.947696
312.511,0.952646
314.511,0.949047
316.511,0.956083
318.511,0.957684
320.511,0.948174
322.511,0.948412
324.511,0.951816
326.511,0.948467
328.511,0.948858
330.511,0.953783
332.511,0.958587
334.511,0.960058
336.511,0.956928
338.511,0.958845
340.511,0.952109
342.511,0.948557
344.511,0.959111
346.511,0.955273
348.511,0.957569
350.511,0.958458
352.511,0.957372
354.511,0.962444
356.511,0.960098
358.511,0.960123
360.511,0.957773
362.511,0.962532
364.511,0.961633
366.511,0.963576
368.511,0.960781
370.511,0.961296
372.511,0.965759
374.511,0.956727
376.511,0.96536
378.511,0.972123
380.511,0.967235
382.511,0.961883
384.511,0.963763
386.511,0.969922
388.511,0.969772
390.511,0.969446
392.511,0.968868
394.511,0.967041
396.511,0.966429
398.511,0.960759
400.511,0.970388
402.511,0.972429
404.511,0.967595
406.511,0.970819
408.511,0.969568
410.511,0.970164
412.511,0.969497
414.511,0.97405
416.511,0.975625
418.511,0.965848
420.511,0.970753
422.511,0.970622
424.511,0.972176
426.511,0.977736
428.511,0.961341
430.511,0.969605
432.511,0.976778
434.511,0.977711
436.511,0.971549
438.511,0.976628
440.511,0.966164
442.511,0.969242
444.511,0.972091
446.511,0.97465
448.511,0.974682
450.511,0.968066
452.511,0.972642
454.511,0.971835
456.511,0.972301
458.511,0.972786
460.511,0.969999
462.511,0.972362
464.511,0.969092
466.511,0.986518
468.511,0.977104
470.511,0.979014
472.511,0.980083
474.511,0.982573
476.511,0.977962
478.511,0.976639
480.511,0.976802
482.511,0.976376
484.511,0.976751
486.511,0.96629
488.511,0.976326
490.511,0.977725
492.511,0.972012
494.511,0.976553
496.511,0.973885
498.511,0.972241
500.511,0.983324
502.511,0.985209
504.511,0.97615
506.511,0.978247
508.511,0.982416
510.511,0.984552
512.511,0.986324
514.511,0.983954
516.511,0.974225
518.511,0.976369
520.511,0.976698
522.511,0.980201
524.511,0.985157
526.511,0.979854
528.511,0.982768
530.511,0.988645
532.511,0.979756
534.511,0.988951
536.511,0.979247
538.511,0.989719
540.511,0.980574
542.511,0.986146
544.511,0.979999
546.511,0.984769
548.511,0.988797
550.511,0.986581
552.511,0.97595
554.511,0.984731
556.511,0.984867
558.511,0.982416
560.511,0.990801
562.511,0.985047
564.511,0.982405
566.511,0.990025
568.511,0.987755
570.511,0.983013
572.511,0.982793
574.511,0.983608
576.511,0.982344
578.511,0.992384
580.511,0.978187
582.511,0.991055
584.511,0.983336
586.511,0.987602
588.511,0.984609
590.511,0.992301
592.511,0.98146
594.511,0.982181
596.511,0.985524
598.511,0.990913
600.511,0.987173
602.511,0.998458
604.511,0.983321
606.511,0.99127
608.511,0.983225
610.511,0.989657
612.511,0.986504
614.511,0.991533
616.511,0.991251
618.511,0.993979
620.511,0.984069
622.511,0.986352
624.511,0.989588
626.511,0.985741
628.511,0.983791
630.511,0.990013
632.511,0.984356
634.511,0.989571
636.511,0.990101
638.511,0.990932
640.511,0.987393
642.511,0.991849
644.511,0.98675
646.511,0.991781
648.511,0.99477
650.511,0.996026
652.511,0.990513
654.511,0.989917
656.511,0.995281
658.511,0.994537
660.511,0.988788
662.511,0.983639
664.511,0.98991
666.511,0.992771
668.511,0.991913
670.511,0.982688
672.511,0.984929
674.511,1.00499
676.511,0.995083
678.511,0.992056
680.511,0.98792
682.511,0.992034
684.511,0.99074
686.511,0.997836
688.511,0.983386
690.511,0.998331
692.511,0.995557
694.511,0.992813
696.511,0.990868
698.511,0.9811
700.511,0.991545
702.511,1.00045
704.511,0.992611
706.511,1.00203
708.511,1.00007
710.511,0.990489
712.511,0.996332
714.511,0.998396
716.511,0.993296
718.511,0.990002
720.511,1.00002
722.511,0.993963
724.511,0.991125
726.511,1.00031
728.511,1.00293
730.511,0.999054
732.511,0.993518
734.511,1.00148
736.511,0.984481
738.511,0.996628
740.511,0.994846
742.511,0.992834
744.511,0.994044
746.511,0.99639
748.511,0.99423
750.511,1.00261
752.511,0.997122
754.511,0.991724
756.511,0.988754
758.511,0.998293
760.511,0.995639
762.511,0.995774
764.511,0.995562
766.511,0.996492
768.511,0.994269
770.511,1.00255
772.511,0.995191
774.511,0.993294
776.511,0.991393
778.511,0.990386
780.511,0.995919
782.511,0.992797
784.511,0.993584
786.511,0.995218
788.511,1.00083
790.511,1.00374
792.511,0.993482
794.511,0.98672
796.511,0.99968
798.511,0.998998
800.511,0.994297
802.511,0.996172
804.511,1.00662
806.511,1.00024
808.511,0.993004
810.511,0.992555
812.511,1.00826
814.511,0.997045
816.511,0.997518
818.511,0.993209
820.511,1.00188
822.511,0.99831
824.511,1.00276
826.511,1.00068
828.511,0.999563
830.511,1.00346
832.511,0.995288
834.511,0.996858
836.511,1.00288
838.511,0.995163
840.511,1.00007
842.511,1.00328
844.511,0.999288
846.511,0.995743
848.511,0.997076
850.511,1.00173
852.511,0.993406
854.511,1.00032
856.511,0.996114
858.511,1.0007
860.511,0.997027
862.511,1.00283
864.511,0.99713
866.511,1.00375
868.511,1.00184
870.511,0.992206
872.511,0.997801
874.511,1.00145
876.511,0.999228
878.511,0.997925
880.511,0.999564
882.511,1.00082
884.511,1.00529
886.511,1.00399
888.511,0.995961
890.511,0.996925
892.511,0.994048
894.511,0.999464
896.511,0.995765
898.511,0.995811
900.511,1.00761
902.511,0.993042
904.511,0.995069
906.511,0.994008
908.511,0.999307
910.511,0.999058
912.511,0.993079
914.511,1.01079
916.511,0.999666
918.511,0.99782
920.511,1.00213
922.511,0.998274
924.511,0.999003
926.511,0.997937
928.511,0.997983
930.511,1.00578
932.511,0.997749
934.511,1.0121
936.511,0.998189
938.511,1.00462
940.511,1.01031
942.511,1.00464
944.511,0.999972
946.511,0.999098
948.511,1.00924
950.511,1.00708
952.511,1.00297
954.511,1.0035
956.511,1.004
958.511,1.00337
960.511,1.00336
962.511,1.00695
964.511,1.00798
966.511,1.00391
968.511,1.0051
970.511,1.00163
972.511,1.00246
974.511,1.00208
976.511,1.01872
978.511,1.00903
980.511,0.994436
982.511,1.00067
984.511,1.01315
986.511,0.996028
988.511,1.01037
990.511,0.999477
992.511,0.99773
994.511,1.01402
996.511,1.0058
998.511,1.01006
1000.51,1
