Horizontal Bin Start [mm],Horizontal Bin End [mm],Vertical Bin Start [mm],Vertical Bin End [mm],Mean PEs,Langau PEs,RMS Over Mean,Resolution, Theta Fit Param p0,Theta Fit Param p1,Theta Fit param p2,Theta Fit param p3,Theta Fit param p4
-95,-90,0,5,34.1494,31.0577,25.1535,16.5156,31.8149,1.82639,-2.36624,-0.0677932,0.097644
-95,-90,5,10,32.7748,29.9342,24.1478,17.6139,30.708,0.703742,-2.09038,-0.031954,0.0875859
-95,-90,10,15,30.0118,26.8541,25.8881,17.5451,28.4815,0.400884,-1.68205,-0.0102759,0.0706057
-95,-90,15,20,27.8972,25.1159,26.5537,19.0278,26.8805,0.775694,-1.31055,-0.0184862,0.0555659
-95,-90,20,25,27.6688,24.7976,26.1716,18.805,26.7693,1.41615,-1.21067,-0.0359975,0.0531854
-95,-90,25,30,28.2788,25.1491,27.0081,18.7432,27.3902,2.10968,-1.18534,-0.0616518,0.0529755
-95,-90,30,35,30.5065,27.6379,25.5762,18.0791,29.2648,2.65498,-1.42666,-0.083902,0.0630629
-95,-90,35,40,33.3209,30.147,25.1394,17.1934,31.5427,2.47746,-1.87099,-0.0818611,0.0808837
-95,-90,40,45,33.9229,30.5887,25.3325,16.864,31.9422,1.87606,-2.01753,-0.0620306,0.086071
-95,-90,45,50,33.655,30.4657,25.0614,16.9923,31.6588,1.11443,-2.04445,-0.0317709,0.0848023
-95,-90,50,55,31.8547,28.5559,25.8231,17.4946,30.2107,0.498324,-1.84294,-0.014573,0.0741668
-95,-90,55,60,28.584,25.1885,27.1689,18.1933,27.6816,0.209258,-1.43124,-0.00685842,0.0562196
-95,-90,60,65,23.0937,19.798,32.2007,24.1467,22.4926,0.040319,-1.00129,-0.00638099,0.038702
-95,-90,65,70,15.1756,12.5404,34.5189,28.0711,14.8089,-0.109717,-0.606888,-0.000925083,0.0238543
-95,-90,70,75,8.5729,6.45668,42.6103,37.0054,8.25897,-0.288206,-0.278107,0.00705718,0.0100206
-95,-90,75,80,2.92485,0,72.4614,0,2.79867,-0.19569,-0.0218112,-0.000266414,0.000537937
-90,-85,0,5,33.2859,30.1757,25.928,19.2871,30.9952,1.76947,-2.26225,-0.0659575,0.0926387
-90,-85,5,10,32.0628,29.2107,25.1357,17.9807,30.0725,0.689258,-1.99925,-0.0320854,0.0825501
-90,-85,10,15,29.3292,25.8683,28.2934,18.1681,27.8433,0.440619,-1.63158,-0.0141622,0.068575
-90,-85,15,20,27.3403,24.271,26.7813,19.0774,26.3733,0.75838,-1.31202,-0.0200431,0.0561875
-90,-85,20,25,26.8979,23.9374,26.6982,18.4874,26.09,1.41436,-1.15592,-0.0401805,0.0500255
-90,-85,25,30,27.2609,23.6061,26.388,21.0999,26.5193,2.04773,-1.13631,-0.060092,0.0503889
-90,-85,30,35,29.649,26.61,26.0981,18.1442,28.3153,2.55999,-1.38742,-0.0817736,0.0616865
-90,-85,35,40,32.1585,28.806,25.8366,17.0813,30.3858,2.42999,-1.7814,-0.0811058,0.0770594
-90,-85,40,45,32.8373,29.3748,26.2988,17.2277,30.8632,1.82451,-1.92317,-0.0608117,0.0817072
-90,-85,45,50,32.4634,29.3086,25.246,17.3804,30.4973,1.13447,-1.93693,-0.0373917,0.0799057
-90,-85,50,55,30.7871,27.3384,25.887,17.3144,29.0983,0.475271,-1.80573,-0.0135849,0.0732311
-90,-85,55,60,27.8952,24.3683,28.7718,19.075,26.8143,0.219517,-1.41706,-0.006825,0.0556882
-90,-85,60,65,22.4674,18.8626,33.3058,22.3811,21.8596,0.0981135,-0.985598,-0.0070462,0.0380357
-90,-85,65,70,14.8422,12.2416,35.0967,27.4322,14.4934,-0.0804083,-0.582384,-0.00203122,0.0224609
-90,-85,70,75,8.463,6.42814,43.8056,29.8955,8.15557,-0.306641,-0.278025,0.00898653,0.00986411
-90,-85,75,80,2.93796,0,72.1291,0,2.79299,-0.199313,-0.0299917,0.000601581,0.00104019
-85,-80,0,5,32.1448,29.084,25.1802,17.1867,30.0216,1.69204,-2.19496,-0.063123,0.0904968
-85,-80,5,10,31.1115,27.9791,25.8365,17.6178,29.142,0.667122,-1.95117,-0.0306524,0.0817126
-85,-80,10,15,28.2726,25.3376,26.797,19.0632,26.9334,0.387386,-1.53887,-0.0107757,0.0642135
-85,-80,15,20,26.4743,23.4318,27.5671,18.5842,25.6284,0.809927,-1.25271,-0.0237862,0.0529735
-85,-80,20,25,26.3468,23.4197,27.3415,19.0618,25.5032,1.39668,-1.11593,-0.0392592,0.0479282
-85,-80,25,30,27.0254,23.8855,27.1701,18.7267,26.1416,2.0089,-1.12259,-0.0585354,0.0496644
-85,-80,30,35,29.2664,26.1513,26.708,18.5084,27.945,2.5398,-1.37679,-0.0825247,0.0607534
-85,-80,35,40,31.6828,28.4616,25.783,17.6319,29.8951,2.30486,-1.79119,-0.0774891,0.0777241
-85,-80,40,45,32.0298,28.9007,25.6994,17.734,30.1769,1.7555,-1.94083,-0.0607726,0.082525
-85,-80,45,50,31.5592,28.277,25.3838,17.1325,29.6352,1.10713,-1.92644,-0.0364692,0.0798931
-85,-80,50,55,30.0947,26.9861,25.6147,18.1828,28.5548,0.445719,-1.76915,-0.00849021,0.0716161
-85,-80,55,60,27.75,24.2863,28.6748,18.785,26.5417,0.205266,-1.36569,-0.00436564,0.0530173
-85,-80,60,65,22.4405,18.7747,33.7893,23.1409,21.8041,0.038117,-0.970194,-0.00362701,0.0370665
-85,-80,65,70,14.7759,12.097,35.0316,28.1711,14.4157,-0.0977105,-0.57611,-0.00103258,0.0222308
-85,-80,70,75,8.4363,6.48847,43.4956,26.0454,8.10065,-0.287794,-0.262611,0.00760809,0.00910834
-85,-80,75,80,2.96757,1.60071,71.0641,38.0701,2.82319,-0.186111,-0.0313405,-0.000306018,0.00107824
-80,-75,0,5,31.5538,28.3291,25.114,16.8229,29.5893,1.62754,-2.14307,-0.058977,0.0880548
-80,-75,5,10,30.5914,27.6095,26.002,17.8058,28.8078,0.629109,-1.93816,-0.0293135,0.0813026
-80,-75,10,15,27.9008,24.808,26.9839,18.3246,26.6178,0.354329,-1.53369,-0.0101276,0.0642246
-80,-75,15,20,26.2237,23.4617,26.8423,19.5833,25.3439,0.731291,-1.24598,-0.0200667,0.0528618
-80,-75,20,25,25.9406,22.9552,27.511,19.1823,25.1367,1.33498,-1.09835,-0.0381113,0.0471058
-80,-75,25,30,26.3037,23.2413,26.9836,18.6529,25.6035,1.87505,-1.08568,-0.0551212,0.0477113
-80,-75,30,35,28.4612,25.421,25.6983,18.1432,27.3627,2.35933,-1.38,-0.0775753,0.0611094
-80,-75,35,40,31.0076,28.0725,25.7523,18.1905,29.2899,2.19383,-1.78018,-0.0742551,0.0774253
-80,-75,40,45,31.5202,28.0935,25.7271,16.7623,29.805,1.65701,-1.90131,-0.0554228,0.0810869
-80,-75,45,50,31.5541,28.1556,25.5464,16.976,29.7155,1.0076,-1.93852,-0.0292998,0.0807731
-80,-75,50,55,30.1813,23.4346,26.3122,16.6539,28.6141,0.39544,-1.77414,-0.00785851,0.0716552
-80,-75,55,60,27.4633,24.061,28.6052,19.0817,26.3901,0.168583,-1.34289,-0.00499276,0.0516427
-80,-75,60,65,22.231,18.4838,33.5457,22.5351,21.5933,0.0311707,-0.942947,-0.00456516,0.0357912
-80,-75,65,70,14.6579,12.0999,35.791,27.7074,14.3225,-0.109412,-0.559561,-0.000348313,0.0211777
-80,-75,70,75,8.325,6.31791,43.7339,41.7812,8.04674,-0.270645,-0.255193,0.0059352,0.00878119
-80,-75,75,80,2.93314,0,71.4031,0,2.81115,-0.194784,-0.0243314,0.000409798,0.000584558
-75,-70,0,5,31.6716,28.594,25.411,17.8626,29.5871,1.58994,-2.15903,-0.0568488,0.0886674
-75,-70,5,10,30.6477,27.5762,25.8946,17.759,28.7528,0.551061,-1.92899,-0.0240163,0.0802945
-75,-70,10,15,27.8504,24.931,26.9675,18.7236,26.5826,0.307268,-1.53972,-0.00682487,0.0642774
-75,-70,15,20,26.0779,23.1961,26.9909,19.4424,25.166,0.715767,-1.20666,-0.0203624,0.0504713
-75,-70,20,25,25.7465,23.0443,26.8688,20.2098,24.8698,1.30233,-1.07412,-0.0370275,0.0456215
-75,-70,25,30,26.1042,23.2943,26.6162,19.1243,25.3156,1.88318,-1.06002,-0.0549574,0.0461586
-75,-70,30,35,28.2354,25.2711,26.4505,18.5677,27.1522,2.40533,-1.33587,-0.0785146,0.0587167
-75,-70,35,40,30.924,27.9367,26.0347,17.9856,29.2924,2.23402,-1.77396,-0.0741059,0.0772707
-75,-70,40,45,31.4847,28.1605,25.94,17.4131,29.7939,1.63213,-1.8882,-0.0528555,0.0800675
-75,-70,45,50,31.2703,28.0161,25.851,17.7149,29.4576,1.01809,-1.88391,-0.0324891,0.0777183
-75,-70,50,55,29.7683,26.55,26.1079,17.4322,28.2539,0.314322,-1.71885,-0.00265042,0.068743
-75,-70,55,60,27.1215,23.8974,28.3096,19.3948,26.1583,0.108747,-1.34623,1.73379e-05,0.0521897
-75,-70,60,65,22.0872,18.563,33.1634,23.9776,21.4285,-0.025746,-0.938761,-0.00224016,0.0357172
-75,-70,65,70,14.5777,12.0521,34.9867,24.8227,14.2171,-0.171194,-0.563739,0.00261742,0.0215399
-75,-70,70,75,8.2411,6.33217,43.6728,44.9914,7.97589,-0.310238,-0.260264,0.00844549,0.00920599
-75,-70,75,80,2.93372,0,72.0332,0,2.78627,-0.196797,-0.0270353,0.000313349,0.000943433
-70,-65,0,5,31.4424,28.4279,25.4232,17.4985,29.4056,1.59165,-2.1533,-0.0561875,0.0881509
-70,-65,5,10,30.3049,27.3035,25.7703,18.0183,28.4485,0.488965,-1.89338,-0.0198178,0.0781987
-70,-65,10,15,27.4225,24.4512,26.6864,18.9028,26.1122,0.228071,-1.49799,0.000203601,0.0616641
-70,-65,15,20,25.692,22.9221,28.3861,20.1468,24.6498,0.697674,-1.20215,-0.0165845,0.0506083
-70,-65,20,25,25.4323,22.4874,27.312,19.0482,24.5238,1.30543,-1.07526,-0.0334211,0.0452648
-70,-65,25,30,25.8341,23.2491,27.1154,20.0357,25.0844,1.91107,-1.05634,-0.0548538,0.0458515
-70,-65,30,35,28.0773,25.0554,26.7761,18.5936,27.0181,2.4445,-1.32972,-0.0807899,0.0582422
-70,-65,35,40,30.7937,27.6924,26.1182,18.1373,29.1152,2.20037,-1.7673,-0.0712014,0.0771068
-70,-65,40,45,31.2945,28.2439,25.4006,17.5403,29.5845,1.63297,-1.8523,-0.054192,0.0780287
-70,-65,45,50,31.1638,27.8386,26.9955,17.5159,29.3917,1.00422,-1.90213,-0.0304068,0.0787649
-70,-65,50,55,29.842,26.6129,26.8904,17.9832,28.2623,0.321851,-1.74646,-0.00567282,0.0700324
-70,-65,55,60,27.0094,23.674,28.9239,18.8596,25.9983,0.08225,-1.31492,0.00126033,0.0503167
-70,-65,60,65,22.0182,18.129,33.6596,20.6747,21.3194,-0.0650956,-0.932347,-0.000218173,0.0349944
-70,-65,65,70,14.4932,11.9103,36.0603,28.218,14.0927,-0.18095,-0.544851,0.00271777,0.0203961
-70,-65,70,75,8.2303,6.13032,43.6806,40.2693,7.92123,-0.34399,-0.239253,0.0102019,0.00806366
-70,-65,75,80,2.87074,0,73.3747,0,2.77761,-0.201941,-0.0311846,0.000711312,0.00117351
-65,-60,0,5,30.5241,27.4729,25.4244,17.4461,28.5456,1.62893,-2.17741,-0.0600052,0.0905157
-65,-60,5,10,29.6407,26.7603,26.0903,18.3734,27.7138,0.524408,-1.92508,-0.0187114,0.080393
-65,-60,10,15,27.063,24.0944,27.1651,18.8298,25.6995,0.268883,-1.49561,0.00122499,0.0619671
-65,-60,15,20,25.5046,22.719,27.381,18.9261,24.495,0.695311,-1.19732,-0.0142986,0.0498639
-65,-60,20,25,25.3265,22.415,27.5722,19.7245,24.5041,1.26715,-1.07819,-0.031644,0.0457028
-65,-60,25,30,25.9509,22.9758,27.8083,19.2162,25.1252,1.95142,-1.05237,-0.0587307,0.0454757
-65,-60,30,35,28.1726,20.0518,27.4444,34.6135,27.0137,2.41931,-1.33808,-0.0790187,0.0583644
-65,-60,35,40,30.7566,27.2837,26.6057,16.9464,29.1009,2.23824,-1.76097,-0.0745621,0.0762662
-65,-60,40,45,31.3779,28.1089,25.8617,17.3274,29.6646,1.60434,-1.89194,-0.0513163,0.0796952
-65,-60,45,50,31.2394,27.9998,25.5296,17.3071,29.4426,0.9563,-1.94688,-0.0291843,0.0807829
-65,-60,50,55,29.8095,26.4,26.4373,18.4152,28.2081,0.306725,-1.73691,-0.00362501,0.0688508
-65,-60,55,60,26.9972,23.658,29.4199,19.4813,25.9634,0.0354574,-1.3394,0.0035207,0.0511354
-65,-60,60,65,21.8309,18.3761,32.9522,24.4899,21.2425,-0.0488682,-0.929923,-0.00200327,0.0349029
-65,-60,65,70,14.4492,11.9107,34.8667,26.7235,14.0744,-0.202261,-0.556918,0.00428509,0.0208723
-65,-60,70,75,8.21357,6.22181,43.6993,34.5516,7.90616,-0.305589,-0.248877,0.00764091,0.00867053
-65,-60,75,80,2.87192,0,72.3369,0,2.75668,-0.217122,-0.0146185,0.00189318,0.000264318
-60,-55,0,5,30.453,26.4041,25.324,37.0459,28.3662,1.56431,-2.16916,-0.053827,0.089751
-60,-55,5,10,29.6246,26.3297,25.9018,17.2816,27.7276,0.583425,-1.95474,-0.0197781,0.0819663
-60,-55,10,15,27.0367,23.9375,27.6144,19.1224,25.6785,0.314836,-1.51647,-0.000468434,0.0623803
-60,-55,15,20,25.4491,22.3932,27.6577,19.2204,24.4761,0.666154,-1.18947,-0.0109765,0.0487508
-60,-55,20,25,25.2255,22.4124,27.4569,19.8532,24.4325,1.26976,-1.07219,-0.0304549,0.0445963
-60,-55,25,30,25.7342,22.9777,27.4202,20.1557,25.0189,1.91271,-1.06421,-0.0555646,0.0459077
-60,-55,30,35,28.067,24.8636,27.1037,18.2483,26.9067,2.43609,-1.34053,-0.0803383,0.0591506
-60,-55,35,40,30.7926,27.7829,25.9656,17.7732,29.1354,2.20565,-1.78505,-0.0729056,0.0769187
-60,-55,40,45,31.2588,28.2882,25.7846,17.8655,29.5691,1.66028,-1.88572,-0.0563028,0.0796089
-60,-55,45,50,30.9715,27.9273,25.3799,17.4225,29.3165,0.943035,-1.90378,-0.0261863,0.0783715
-60,-55,50,55,29.7469,26.5149,26.7846,18.131,28.2284,0.269343,-1.77926,-0.00150294,0.0712385
-60,-55,55,60,26.943,23.7505,28.1624,18.7186,25.9711,-0.0309613,-1.35361,0.00817145,0.0510394
-60,-55,60,65,21.7264,18.2045,33.1454,23.4066,21.1232,-0.136046,-0.909926,0.00450575,0.0330336
-60,-55,65,70,14.4787,12.3499,35.2415,30.9455,14.0593,-0.218017,-0.562319,0.0045208,0.0211057
-60,-55,70,75,8.1452,6.13514,43.8054,38.031,7.85149,-0.335561,-0.245921,0.00880378,0.00864171
-60,-55,75,80,2.86786,0,73.2169,0,2.77548,-0.194478,-0.018086,-0.00011993,0.000323694
-55,-50,0,5,30.7126,27.8945,25.2256,18.227,28.5884,1.51881,-2.19744,-0.0529857,0.0903534
-55,-50,5,10,29.6326,26.576,26.1393,17.7587,27.6652,0.408615,-1.96432,-0.0114981,0.0819189
-55,-50,10,15,26.7856,23.9347,26.7251,19.2332,25.488,0.110984,-1.50109,0.0118094,0.0613044
-55,-50,15,20,25.2447,22.2865,27.4209,19.7148,24.2988,0.600822,-1.20885,-0.00795034,0.0496299
-55,-50,20,25,25.3064,22.4318,27.997,19.8393,24.2767,1.22053,-1.09766,-0.0275886,0.0462126
-55,-50,25,30,25.7672,22.7897,27.6643,19.38,24.953,1.81511,-1.08097,-0.0484721,0.0466448
-55,-50,30,35,28.1066,24.9577,26.5813,18.4894,26.9017,2.36339,-1.39152,-0.0750381,0.061575
-55,-50,35,40,30.8729,27.6818,26.3398,17.4706,29.0559,2.2557,-1.79791,-0.075189,0.0780041
-55,-50,40,45,31.2998,27.9244,26.0797,17.2142,29.4929,1.60324,-1.90437,-0.0517358,0.0805662
-55,-50,45,50,31.2615,27.6646,26.5074,17.0572,29.4015,0.947655,-1.93913,-0.0277296,0.0794566
-55,-50,50,55,29.8293,26.6346,27.2079,18.3467,28.2156,0.2651,-1.80283,-0.00047601,0.0721013
-55,-50,55,60,27.0372,23.4944,28.7756,18.4043,25.9484,-0.0469775,-1.3738,0.0106601,0.0522809
-55,-50,60,65,21.798,18.4594,32.1503,23.7824,21.2237,-0.120667,-0.95907,0.00454579,0.0357531
-55,-50,65,70,14.4462,12.087,34.7689,26.1767,14.0098,-0.21486,-0.555749,0.00575497,0.0206427
-55,-50,70,75,8.2474,6.11206,43.4925,39.2556,7.9351,-0.335717,-0.273873,0.00911201,0.0100358
-55,-50,75,80,2.95678,2.95678,77.5334,2.29249,2.78423,-0.223132,-0.0282344,0.00186096,0.000922692
-50,-45,0,5,30.5038,27.5212,25.3525,17.8296,28.3455,1.49211,-2.15508,-0.0500011,0.0879538
-50,-45,5,10,29.5158,26.6539,26.1695,18.5357,27.5815,0.386378,-1.96781,-0.0118705,0.0816395
-50,-45,10,15,26.6817,23.9528,27.3186,19.8074,25.3118,0.172212,-1.52055,0.00342651,0.0621711
-50,-45,15,20,24.9547,21.9694,27.8829,19.2869,23.9328,0.535223,-1.22075,-0.00775537,0.0507227
-50,-45,20,25,24.6241,21.8157,27.9095,20.4928,23.8028,1.13905,-1.06939,-0.0245465,0.0446631
-50,-45,25,30,25.3279,22.3639,27.0908,18.5625,24.446,1.85209,-1.07445,-0.0536363,0.0471232
-50,-45,30,35,27.6406,24.8762,26.3837,19.0552,26.4701,2.45036,-1.33511,-0.0811539,0.0586025
-50,-45,35,40,30.5195,27.4563,25.857,17.6729,28.793,2.24798,-1.80778,-0.0756036,0.0788051
-50,-45,40,45,31.2014,28.0853,25.7906,17.6239,29.4208,1.66285,-1.93258,-0.0556527,0.0817512
-50,-45,45,50,31.1338,27.9336,25.9068,17.897,29.3307,0.968785,-1.96582,-0.027931,0.0813066
-50,-45,50,55,29.6556,26.5888,26.5585,18.6505,28.1527,0.281258,-1.80195,-0.00135,0.0714934
-50,-45,55,60,27.0653,23.6514,29.0059,18.4673,26.016,-0.0426135,-1.38799,0.0102567,0.0521796
-50,-45,60,65,22.0815,18.415,34.0476,23.2538,21.225,-0.149272,-0.971118,0.00728788,0.0362181
-50,-45,65,70,14.4474,11.9391,35.3378,29.6125,14.0693,-0.234087,-0.569173,0.00718713,0.0212745
-50,-45,70,75,8.2703,6.14937,43.0801,33.5504,7.88906,-0.344854,-0.261586,0.0103325,0.00929967
-50,-45,75,80,2.89547,0,71.184,0,2.76698,-0.211168,-0.0286668,0.00124453,0.00103791
-45,-40,0,5,30.5869,27.4041,25.5569,17.6037,28.2402,1.43015,-2.1844,-0.0450278,0.0900612
-45,-40,5,10,29.3487,24.8094,25.7247,11.1578,27.4563,0.336943,-1.93759,-0.00616649,0.0799165
-45,-40,10,15,26.6743,23.7937,27.1678,19.6868,25.3514,0.0592375,-1.54636,0.0141891,0.0637135
-45,-40,15,20,24.8508,21.9313,27.9009,19.8933,23.9423,0.479621,-1.222,0.000263046,0.0505451
-45,-40,20,25,24.7425,21.7248,28.1178,19.7528,23.8429,1.13074,-1.14445,-0.0245959,0.048706
-45,-40,25,30,25.1556,22.2606,27.4111,19.6907,24.3321,1.85738,-1.09154,-0.0541551,0.0477148
-45,-40,30,35,27.3386,24.5427,27.3276,19.075,26.2155,2.44562,-1.38423,-0.0820083,0.0616389
-45,-40,35,40,30.0576,26.8832,26.6232,17.8209,28.35,2.32387,-1.79045,-0.0810082,0.0780865
-45,-40,40,45,30.8253,27.8434,25.7815,18.3596,28.9814,1.73671,-1.92056,-0.0583738,0.0817592
-45,-40,45,50,30.8678,27.7018,26.0145,17.4753,29.0492,1.10875,-1.97272,-0.0349537,0.0814432
-45,-40,50,55,29.6288,26.244,26.6805,17.7397,28.0634,0.282268,-1.83464,0.00242408,0.0733291
-45,-40,55,60,27.0058,23.576,28.5157,18.6946,25.9364,0.0212702,-1.41174,0.00752852,0.0535216
-45,-40,60,65,21.8104,18.3905,33.0072,22.3282,21.2556,-0.164116,-0.979914,0.00899376,0.0361144
-45,-40,65,70,14.4611,12.1054,35.0315,28.8573,14.0038,-0.253768,-0.577097,0.00969351,0.0218256
-45,-40,70,75,8.3737,6.17755,44.4491,40.2001,7.96738,-0.348761,-0.288226,0.0106091,0.0106721
-45,-40,75,80,2.91004,0,73.7078,0,2.77561,-0.218887,-0.0265944,0.00158206,0.000849536
-40,-35,0,5,30.4994,27.415,25.3116,17.5733,28.2745,1.40093,-2.20182,-0.0432348,0.0906545
-40,-35,5,10,29.4413,26.4857,25.7083,18.338,27.4306,0.326953,-1.95721,-0.00497879,0.080957
-40,-35,10,15,26.8155,23.8499,26.9765,19.1288,25.3886,0.0377094,-1.56597,0.0168981,0.0644641
-40,-35,15,20,24.9172,22.129,27.5884,19.574,23.9844,0.491445,-1.26137,-0.00151204,0.0526743
-40,-35,20,25,24.6057,21.7503,27.2842,19.8119,23.7638,1.13052,-1.10933,-0.0217838,0.0471315
-40,-35,25,30,25.2066,22.3021,27.7666,19.4282,24.3314,1.84476,-1.11562,-0.0520184,0.049092
-40,-35,30,35,27.4032,24.4222,26.5572,18.2481,26.2793,2.43389,-1.41194,-0.0825466,0.0627064
-40,-35,35,40,30.072,26.986,25.8824,17.685,28.3754,2.31144,-1.83467,-0.0826466,0.0802503
-40,-35,40,45,30.7585,27.7842,25.7514,17.8227,28.9423,1.77533,-1.96835,-0.0635289,0.0840001
-40,-35,45,50,30.8893,27.7991,26.5838,17.8982,29.0392,1.07023,-2.0592,-0.0319575,0.0860698
-40,-35,50,55,29.4834,26.0153,26.6297,17.787,27.9035,0.366435,-1.86266,-0.00238628,0.0747392
-40,-35,55,60,26.9668,23.6701,29.3846,19.812,25.8893,0.0109075,-1.47578,0.0115197,0.0570403
-40,-35,60,65,21.7324,18.3019,32.8957,23.0537,21.103,-0.156583,-0.990867,0.0119563,0.0368072
-40,-35,65,70,14.5274,12.197,35.3916,29.9418,14.0393,-0.240921,-0.610595,0.00968485,0.0236969
-40,-35,70,75,8.314,6.44236,43.4089,22.2369,7.89446,-0.347054,-0.284983,0.0114536,0.0107369
-40,-35,75,80,2.91877,0,71.2621,0,2.80687,-0.215363,-0.041535,0.00223329,0.00156708
-35,-30,0,5,30.5119,27.438,26.1389,18.0802,28.2325,1.32981,-2.21213,-0.0379857,0.0913242
-35,-30,5,10,29.3789,21.436,26.0418,37.9457,27.4603,0.252815,-1.97283,0.00198628,0.0814406
-35,-30,10,15,26.692,23.6831,27.2174,18.8424,25.2739,0.0300787,-1.56598,0.018089,0.0643468
-35,-30,15,20,24.8958,22.2295,27.6324,20.2188,23.9194,0.449752,-1.25687,0.00220135,0.0521914
-35,-30,20,25,24.6759,22.0405,27.3872,20.3262,23.8508,1.08593,-1.16722,-0.0189958,0.0498761
-35,-30,25,30,25.2083,22.3413,27.9363,19.9133,24.3591,1.8459,-1.13608,-0.0527502,0.0496645
-35,-30,30,35,27.3353,24.3006,27.1138,19.1686,26.2071,2.44937,-1.40886,-0.0843648,0.0623601
-35,-30,35,40,30.1995,27.0658,26.6043,18.0851,28.3902,2.24332,-1.86841,-0.0786173,0.0819154
-35,-30,40,45,30.7102,27.7317,25.3186,18.1672,28.929,1.65042,-1.99218,-0.0567683,0.0850246
-35,-30,45,50,30.6277,18.8581,25.899,62.5319,28.8518,0.998594,-2.04278,-0.0304362,0.0847655
-35,-30,50,55,29.4023,26.0278,27.4431,18.0893,27.8433,0.320219,-1.89195,-0.0024383,0.0756855
-35,-30,55,60,26.7725,23.465,28.7642,19.2976,25.703,-0.0225818,-1.47379,0.0123887,0.0566321
-35,-30,60,65,21.6048,18.2262,32.4614,23.0511,20.9728,-0.175445,-1.03112,0.0136496,0.0395704
-35,-30,65,70,14.4516,12.2156,34.1427,28.4194,13.9459,-0.261305,-0.604001,0.0107911,0.0233695
-35,-30,70,75,8.2639,6.26066,43.9651,44.8888,7.8903,-0.322021,-0.297382,0.0101234,0.0115082
-35,-30,75,80,2.91383,0,72.8277,0,2.7982,-0.219639,-0.0380664,0.00228929,0.00148569
-30,-25,0,5,30.5329,27.5211,25.4468,17.5098,28.2926,1.33391,-2.26771,-0.0403773,0.0943262
-30,-25,5,10,29.4241,26.3296,26.1918,18.1522,27.4402,0.218851,-2.01475,0.00269907,0.0840017
-30,-25,10,15,26.6318,23.6732,27.1957,18.845,25.2241,0.00409808,-1.55858,0.0192997,0.0638994
-30,-25,15,20,24.8694,21.9136,27.8898,20.0699,23.9119,0.39461,-1.29003,0.00784707,0.0541405
-30,-25,20,25,24.5682,21.9046,28.0136,20.7908,23.7823,1.04591,-1.16727,-0.0158801,0.0499274
-30,-25,25,30,25.1422,22.2662,27.3903,18.6791,24.3211,1.77874,-1.16883,-0.0484445,0.0517445
-30,-25,30,35,27.4082,24.4883,26.597,18.4875,26.1954,2.43022,-1.43034,-0.0831628,0.0634303
-30,-25,35,40,30.1484,27.0026,26.9665,17.8339,28.3981,2.26206,-1.88661,-0.0810302,0.0827813
-30,-25,40,45,30.8286,27.525,25.7579,17.5121,28.9935,1.68369,-2.04521,-0.0603118,0.0876764
-30,-25,45,50,30.6131,27.648,25.7965,18.1473,28.8613,0.944146,-2.07512,-0.0281245,0.0867986
-30,-25,50,55,29.2631,25.8653,26.5399,17.8309,27.7414,0.274167,-1.92379,-0.00173233,0.0773192
-30,-25,55,60,26.5794,23.1664,28.5988,18.8943,25.5393,-0.148933,-1.49441,0.0192709,0.0579011
-30,-25,60,65,21.5077,18.1195,33.2799,25.2219,20.8414,-0.220482,-1.03585,0.0154522,0.0398762
-30,-25,65,70,14.2501,12.1956,35.1799,31.1448,13.7405,-0.220519,-0.617415,0.00964141,0.0249202
-30,-25,70,75,8.2403,6.22383,43.9684,37.6027,7.83174,-0.303819,-0.311657,0.0101424,0.0123522
-30,-25,75,80,2.87321,2.87321,76.2628,2.19119,2.74705,-0.191164,-0.0394337,0.000384873,0.0017091
-25,-20,0,5,30.4109,27.6435,25.4123,18.0815,28.2418,1.3214,-2.2522,-0.0381905,0.0932221
-25,-20,5,10,29.3922,26.1356,26.4242,17.7093,27.446,0.20912,-2.01008,0.00499622,0.0837434
-25,-20,10,15,26.6591,23.9496,27.2347,19.5826,25.2648,-0.0935401,-1.59646,0.0267189,0.0658952
-25,-20,15,20,24.9401,22.013,27.3102,19.1211,23.9441,0.375109,-1.30245,0.00839165,0.0548763
-25,-20,20,25,24.6135,21.8485,26.9669,19.4612,23.8316,1.06645,-1.20118,-0.0176632,0.0514267
-25,-20,25,30,25.1412,22.3565,27.1606,19.902,24.3785,1.77388,-1.17562,-0.0480684,0.0515635
-25,-20,30,35,27.5129,24.7854,27.0774,19.2685,26.2851,2.40876,-1.48425,-0.082515,0.066389
-25,-20,35,40,30.1506,26.8898,26.5798,18.0299,28.3866,2.24032,-1.91183,-0.0794296,0.0839499
-25,-20,40,45,30.6357,27.3966,25.7684,17.9211,28.8637,1.70084,-2.03519,-0.0607352,0.0875681
-25,-20,45,50,30.6999,27.4657,25.2448,17.1848,28.8898,0.986213,-2.1075,-0.0296202,0.0888958
-25,-20,50,55,29.2456,26.0308,27.1971,18.0589,27.7194,0.243778,-1.92493,0.00158057,0.0777398
-25,-20,55,60,26.4774,23.0205,29.207,18.8565,25.464,-0.134938,-1.51015,0.0180213,0.059126
-25,-20,60,65,21.4482,17.9542,33.2567,21.6276,20.8947,-0.183821,-1.07256,0.0138204,0.0414974
-25,-20,65,70,14.2926,11.7825,35.3984,27.8032,13.7289,-0.226051,-0.620948,0.0105384,0.0248822
-25,-20,70,75,8.2098,6.22401,43.3234,37.4697,7.82347,-0.260947,-0.329013,0.0064918,0.0134706
-25,-20,75,80,2.88563,0,71.5764,0,2.75824,-0.190713,-0.0535846,0.00114143,0.00245227
-20,-15,0,5,30.5212,27.7772,25.3125,18.2576,28.3447,1.29106,-2.31437,-0.036096,0.0967157
-20,-15,5,10,29.4104,26.4493,25.4577,17.8685,27.4966,0.170811,-2.05608,0.00694522,0.0859384
-20,-15,10,15,26.801,23.6786,27.6127,19.039,25.3596,-0.0972217,-1.62464,0.0282629,0.0668742
-20,-15,15,20,24.8541,21.9123,27.6332,19.7657,23.897,0.332587,-1.29883,0.0115452,0.0541361
-20,-15,20,25,24.5638,21.8357,27.4895,19.9527,23.753,1.05295,-1.19176,-0.0162535,0.05097
-20,-15,25,30,25.1391,22.1805,27.1755,19.0231,24.3031,1.77687,-1.18843,-0.0477078,0.0526747
-20,-15,30,35,27.4758,24.4721,26.7256,18.3446,26.2087,2.42082,-1.47435,-0.0825778,0.0656091
-20,-15,35,40,29.9533,26.9032,25.7939,17.6587,28.2899,2.28188,-1.90827,-0.0842092,0.0838696
-20,-15,40,45,30.6457,27.7121,25.397,18.1221,28.8628,1.66707,-2.05449,-0.0587889,0.0881287
-20,-15,45,50,30.7514,27.4985,26.9252,17.818,28.9442,0.975364,-2.12946,-0.02802,0.089472
-20,-15,50,55,29.1853,26.1795,26.4404,18.1827,27.7395,0.27097,-1.95847,0.000458759,0.0798421
-20,-15,55,60,26.5158,23.0389,29.1659,18.5731,25.4942,-0.107784,-1.50281,0.0181583,0.0580778
-20,-15,60,65,21.4075,18.0291,32.3745,23.5531,20.793,-0.178674,-1.05027,0.0135106,0.040047
-20,-15,65,70,14.3619,11.9066,34.7273,28.8036,13.8388,-0.216484,-0.657298,0.00881238,0.0266341
-20,-15,70,75,8.25,6.42046,43.3697,21.6147,7.82288,-0.295292,-0.32995,0.00906036,0.0133354
-20,-15,75,80,2.88992,0,72.9076,0,2.79286,-0.183758,-0.0604765,0.000520495,0.00271614
-15,-10,0,5,30.4613,27.427,25.6563,17.7381,28.2153,1.26582,-2.27151,-0.033513,0.0940198
-15,-10,5,10,29.3893,26.343,25.9517,18.1021,27.4481,0.181023,-2.04029,0.00742687,0.0846024
-15,-10,10,15,26.7137,23.7659,27.1534,19.0668,25.3483,-0.105325,-1.62571,0.0289927,0.0666933
-15,-10,15,20,24.8042,22.1126,27.6844,20.6957,23.9146,0.320155,-1.31424,0.0128506,0.0546778
-15,-10,20,25,24.537,22.0926,26.9819,20.4044,23.826,0.998993,-1.2118,-0.0118009,0.0516898
-15,-10,25,30,25.1011,22.2874,27.5879,20.2258,24.2226,1.75552,-1.18885,-0.0464474,0.0526413
-15,-10,30,35,27.409,24.3658,27.0586,18.3059,26.2316,2.38993,-1.49639,-0.0816411,0.0665884
-15,-10,35,40,30.006,26.8628,26.8711,18.1672,28.3193,2.27895,-1.90665,-0.0825016,0.0832866
-15,-10,40,45,30.6455,27.4438,26.157,17.3799,28.9387,1.65213,-2.07082,-0.059177,0.0889488
-15,-10,45,50,30.7156,27.6668,26.4239,17.8839,28.9303,0.947276,-2.14002,-0.0271415,0.09018
-15,-10,50,55,28.9895,25.6696,26.4257,17.6423,27.6935,0.256891,-1.9398,0.00225204,0.0785525
-15,-10,55,60,26.4608,23.34,28.8513,19.6997,25.521,-0.140601,-1.52766,0.0210354,0.0594222
-15,-10,60,65,21.4222,18.0522,32.5902,23.5145,20.8346,-0.195603,-1.04365,0.014059,0.0391577
-15,-10,65,70,14.3162,11.9384,35.7364,27.1849,13.8561,-0.237623,-0.660557,0.0104933,0.0265685
-15,-10,70,75,8.2569,6.5084,44.6497,51.2898,7.89088,-0.30933,-0.334606,0.00950665,0.0134353
-15,-10,75,80,2.8999,0,71.8194,0,2.81004,-0.198718,-0.0539911,0.00142958,0.00227897
-10,-5,0,5,30.4592,27.3223,25.8806,17.646,28.3511,1.27505,-2.31831,-0.0336615,0.0963397
-10,-5,5,10,29.2669,26.349,26.02,18.3012,27.4072,0.224269,-2.04309,0.00441382,0.0849498
-10,-5,10,15,26.5804,22.7641,26.5779,19.8186,25.2864,-0.0838383,-1.62953,0.0270869,0.0673172
-10,-5,15,20,24.8516,21.9818,27.9802,20.0808,23.941,0.366466,-1.31781,0.00955926,0.0543882
-10,-5,20,25,24.5592,21.7113,27.0856,19.4584,23.8182,1.01816,-1.22546,-0.0137779,0.0525057
-10,-5,25,30,25.1041,22.3774,26.77,20.1201,24.2756,1.8128,-1.19062,-0.0509131,0.052237
-10,-5,30,35,27.2828,24.2104,26.8648,18.7752,26.1678,2.40616,-1.50583,-0.0817126,0.0674977
-10,-5,35,40,29.9165,26.7261,26.4431,17.8389,28.328,2.26742,-1.92726,-0.0819073,0.0845736
-10,-5,40,45,30.647,27.4814,25.3897,17.4045,28.9076,1.64021,-2.0866,-0.056585,0.0901188
-10,-5,45,50,30.4418,27.4588,25.8225,17.7699,28.783,0.960825,-2.09816,-0.0289489,0.0876536
-10,-5,50,55,29.2872,26.0874,26.971,18.1767,27.7496,0.247107,-1.95739,0.00162593,0.0790352
-10,-5,55,60,26.6095,23.3423,28.9946,19.9709,25.6406,-0.156145,-1.56564,0.0216017,0.0609507
-10,-5,60,65,21.5451,18.1552,32.4612,22.5671,20.8923,-0.179915,-1.07294,0.0142346,0.0407103
-10,-5,65,70,14.378,12.0838,35.3279,27.549,13.8279,-0.245437,-0.661082,0.0105965,0.0268905
-10,-5,70,75,8.2066,6.27515,42.8683,35.2904,7.84399,-0.320488,-0.335308,0.0108057,0.01364
-10,-5,75,80,2.90662,0,72.8148,0,2.79379,-0.203396,-0.0505746,0.00190171,0.00215176
-5,0,0,5,30.2711,27.3212,25.2259,17.6155,28.174,1.19861,-2.28882,-0.0281673,0.0952341
-5,0,5,10,29.3676,26.2167,25.6441,17.6988,27.532,0.160813,-2.0864,0.00912972,0.0870492
-5,0,10,15,26.6083,23.6735,27.6755,19.4798,25.2572,-0.109123,-1.6179,0.0291669,0.0666141
-5,0,15,20,24.7834,22.0569,27.1751,20.1996,23.8792,0.370155,-1.30871,0.00926315,0.0543161
-5,0,20,25,24.5791,21.5984,27.7395,19.4308,23.7127,1.02063,-1.19094,-0.0146499,0.0505861
-5,0,25,30,25.0315,22.4104,26.6896,19.9083,24.2836,1.81329,-1.20488,-0.0516453,0.0529463
-5,0,30,35,27.3721,24.3389,27.1423,18.7795,26.1889,2.39532,-1.49243,-0.0815437,0.0666085
-5,0,35,40,29.8872,27.0358,25.8665,18.4991,28.3464,2.26123,-1.94251,-0.0817131,0.0855695
-5,0,40,45,30.6822,27.6297,26.0036,17.572,28.9245,1.64461,-2.07808,-0.0575349,0.0893259
-5,0,45,50,30.4371,27.4632,25.2831,17.9248,28.7586,0.981831,-2.08091,-0.0299971,0.0867086
-5,0,50,55,29.0922,26.2111,25.6632,18.2364,27.7486,0.257533,-1.94909,0.000771797,0.0783762
-5,0,55,60,26.296,23.3412,28.0666,20.5299,25.4745,-0.148807,-1.52781,0.0211575,0.0591707
-5,0,60,65,21.4695,18.3416,33.0056,23.9025,20.8762,-0.203695,-1.07488,0.0153496,0.0407828
-5,0,65,70,14.3565,12.123,34.4666,28.4956,13.8588,-0.21692,-0.655566,0.00937247,0.0261613
-5,0,70,75,8.2415,6.25737,43.131,34.1958,7.87276,-0.330294,-0.344679,0.0111174,0.0143099
-5,0,75,80,2.92135,0,72.7723,0,2.81367,-0.207315,-0.0488732,0.00189345,0.00201235
0,5,0,5,30.3459,27.3264,25.5656,17.5066,28.2708,1.24554,-2.3038,-0.0334055,0.0959931
0,5,5,10,29.206,26.4388,25.993,18.7671,27.4523,0.194258,-2.07309,0.00695523,0.086767
0,5,10,15,26.648,23.959,27.3616,20.282,25.3124,-0.10281,-1.65151,0.0303081,0.0685553
0,5,15,20,24.8258,22.0647,27.9054,20.2303,23.8845,0.356358,-1.29709,0.0111541,0.0536744
0,5,20,25,24.5078,21.827,27.2157,19.6752,23.7229,1.04096,-1.22387,-0.0147923,0.0526243
0,5,25,30,25.1608,22.2197,27.0782,19.3346,24.3431,1.75804,-1.2056,-0.0463785,0.0529365
0,5,30,35,27.4335,24.4588,27.4769,19.5137,26.1804,2.4252,-1.49067,-0.0850391,0.0663278
0,5,35,40,30.1675,26.9031,26.7425,17.4564,28.398,2.26333,-1.9632,-0.0823625,0.08634
0,5,40,45,30.6771,27.6522,25.5858,17.895,28.8974,1.68397,-2.05709,-0.059783,0.0882134
0,5,45,50,30.3902,27.1295,25.4263,17.0096,28.7773,1.05438,-2.10207,-0.0344453,0.0881048
0,5,50,55,29.2253,26.1693,26.7394,18.4674,27.7881,0.234158,-1.98564,0.00301447,0.0807421
0,5,55,60,26.31,23.3594,27.927,19.7751,25.4611,-0.119027,-1.50428,0.0193529,0.0576312
0,5,60,65,21.612,18.3416,33.6372,24.8991,20.8582,-0.203696,-1.07322,0.0153245,0.0409138
0,5,65,70,14.3407,11.9117,34.4771,28.2385,13.8585,-0.228752,-0.666166,0.00970917,0.0267528
0,5,70,75,8.1953,6.32884,42.4228,33.4386,7.85407,-0.297358,-0.33039,0.00903232,0.0134386
0,5,75,80,2.89148,0,72.7989,0,2.79056,-0.216035,-0.0419018,0.00272572,0.00170146
5,10,0,5,30.4915,27.4253,25.2087,17.8425,28.3211,1.2692,-2.32034,-0.0339874,0.0969767
5,10,5,10,29.2991,26.3214,26.3964,18.5434,27.5133,0.197345,-2.08377,0.0068911,0.0873974
5,10,10,15,26.7094,23.8346,26.817,19.0764,25.2862,-0.127987,-1.61738,0.0301276,0.0665511
5,10,15,20,24.7577,21.9031,27.3665,19.5016,23.8743,0.329965,-1.30703,0.0123217,0.054128
5,10,20,25,24.6184,21.9336,27.7779,20.0271,23.8022,1.04036,-1.2145,-0.0142285,0.0517307
5,10,25,30,25.2092,22.1543,27.9046,19.6591,24.3527,1.76093,-1.21427,-0.0465623,0.0534218
5,10,30,35,27.4959,24.4889,27.2887,18.7819,26.1934,2.39186,-1.50724,-0.0820188,0.0672982
5,10,35,40,29.9549,26.6854,25.9315,17.4382,28.3066,2.27912,-1.92054,-0.0819576,0.0848123
5,10,40,45,30.6983,27.5631,25.7709,17.6283,28.9973,1.67784,-2.09224,-0.0598375,0.0898726
5,10,45,50,30.4328,27.4583,25.4205,17.8807,28.8122,0.948383,-2.11137,-0.0274302,0.0884453
5,10,50,55,29.0601,25.9273,26.4783,18.2525,27.7442,0.252382,-1.95425,0.000521706,0.078778
5,10,55,60,26.5535,23.1965,28.6042,19.0486,25.6355,-0.123875,-1.55004,0.0195021,0.059946
5,10,60,65,21.3795,18.7131,32.3221,25.9503,20.8217,-0.190228,-1.05826,0.0155673,0.0400496
5,10,65,70,14.3702,12.1463,35.1317,30.0215,13.8672,-0.211213,-0.661733,0.00851434,0.0264802
5,10,70,75,8.2169,6.18666,43.2835,41.9324,7.86437,-0.284785,-0.334113,0.00801962,0.0133804
5,10,75,80,2.9268,0,72.7641,0,2.81362,-0.19636,-0.0514201,0.00135807,0.00213369
10,15,0,5,30.406,27.4994,25.3264,17.9039,28.2948,1.24212,-2.30339,-0.0298982,0.0959388
10,15,5,10,29.3857,26.3459,25.6482,17.9826,27.5809,0.185969,-2.07857,0.00783891,0.0869706
10,15,10,15,26.6501,23.9062,27.1691,19.6632,25.2738,-0.0928041,-1.61331,0.0278652,0.0665114
10,15,15,20,24.8008,21.8448,27.0597,18.6331,23.9036,0.338744,-1.3152,0.0121461,0.0551901
10,15,20,25,24.5492,21.7553,27.456,19.9608,23.8224,1.03412,-1.21141,-0.0144576,0.0518552
10,15,25,30,25.275,22.3613,28.3005,19.1728,24.3465,1.78802,-1.21141,-0.0488012,0.0536352
10,15,30,35,27.2559,24.3457,26.7021,19.1822,26.1315,2.39488,-1.47513,-0.0819516,0.0654683
10,15,35,40,30.0373,26.9776,25.3475,17.631,28.3777,2.27343,-1.93456,-0.0810296,0.085396
10,15,40,45,30.7037,25.7625,26.6971,23.9958,28.8847,1.68085,-2.06619,-0.0604755,0.0890824
10,15,45,50,30.5469,27.3395,25.5271,17.1782,28.8246,0.984883,-2.10245,-0.029548,0.0880837
10,15,50,55,29.2485,25.9436,26.9667,18.3135,27.7905,0.279247,-1.96777,-0.000820108,0.0796087
10,15,55,60,26.3589,22.9788,28.8419,18.3039,25.4732,-0.123369,-1.51569,0.0202633,0.058645
10,15,60,65,21.4873,18.0619,33.3743,24.0275,20.8183,-0.224352,-1.06259,0.0177383,0.0407112
10,15,65,70,14.3953,12.0253,34.5688,28.5313,13.8784,-0.207936,-0.663144,0.00895588,0.0265766
10,15,70,75,8.2409,6.18444,42.9015,41.0044,7.83859,-0.320331,-0.321375,0.0106147,0.0128267
10,15,75,80,2.88867,0,72.0509,0,2.79799,-0.205276,-0.0475308,0.00158597,0.00187991
15,20,0,5,30.4426,27.7118,25.1311,18.018,28.287,1.27798,-2.28397,-0.0338441,0.0947916
15,20,5,10,29.4003,26.0506,26.4385,17.4835,27.4568,0.204026,-2.04096,0.00513562,0.0851454
15,20,10,15,26.684,23.4824,27.2704,18.311,25.3535,-0.0918603,-1.62992,0.0278987,0.0675751
15,20,15,20,24.6837,21.9464,27.6074,20.1256,23.8068,0.310151,-1.25878,0.0140033,0.0519212
15,20,20,25,24.5805,21.7992,27.8335,19.8945,23.7137,1.03094,-1.17907,-0.0139302,0.0503572
15,20,25,30,25.102,22.3792,27.099,19.3004,24.3264,1.78284,-1.19786,-0.0488109,0.0530376
15,20,30,35,27.4698,24.5688,26.9401,18.6876,26.2333,2.42045,-1.48263,-0.0833861,0.065891
15,20,35,40,30.0074,26.9491,25.9434,18.2145,28.3494,2.22907,-1.91947,-0.0792557,0.0845663
15,20,40,45,30.5982,27.6821,25.6789,17.9829,28.8498,1.6661,-2.05,-0.0593016,0.0881699
15,20,45,50,30.4561,27.1834,25.5037,17.3083,28.7728,0.95913,-2.08003,-0.0272109,0.0869118
15,20,50,55,29.2193,25.9649,27.0561,18.6003,27.7375,0.284235,-1.94453,-0.000286263,0.079006
15,20,55,60,26.4577,23.099,28.9147,19.4075,25.4802,-0.134493,-1.52587,0.0194551,0.059755
15,20,60,65,21.524,18.0445,32.9985,23.0637,20.9083,-0.185398,-1.08241,0.0134565,0.041829
15,20,65,70,14.3555,12.1546,35.4268,29.7211,13.8791,-0.245401,-0.673909,0.0106467,0.0273328
15,20,70,75,8.181,6.41284,42.7185,47.5225,7.83575,-0.292155,-0.334619,0.00905042,0.0136449
15,20,75,80,2.85575,0,73.0113,0,2.75446,-0.193402,-0.043115,0.00136181,0.00168509
20,25,0,5,30.5621,27.3265,25.7193,16.5623,28.2775,1.30023,-2.26948,-0.0363181,0.0942099
20,25,5,10,29.3439,26.4777,25.9514,17.9626,27.4476,0.232717,-2.02736,0.00221466,0.0845296
20,25,10,15,26.6199,23.5831,26.233,18.7149,25.3251,-0.0746989,-1.60914,0.0262564,0.0661582
20,25,15,20,24.925,21.8601,27.8432,18.3831,23.9729,0.374556,-1.29373,0.008409,0.0536193
20,25,20,25,24.5081,21.7327,27.2885,20.0621,23.7141,1.03765,-1.14915,-0.0148402,0.0484098
20,25,25,30,25.2124,22.3068,27.3892,19.1594,24.3448,1.7615,-1.19431,-0.0474828,0.0529371
20,25,30,35,27.4729,24.2791,27.0659,18.1431,26.2198,2.36801,-1.50192,-0.07954,0.0678359
20,25,35,40,29.9988,26.0358,26.1249,25.5068,28.2678,2.26336,-1.89096,-0.080621,0.0832504
20,25,40,45,30.8341,27.6197,26.0294,17.859,28.9854,1.67684,-2.05352,-0.0603879,0.0877135
20,25,45,50,30.5465,27.4361,25.4611,17.9348,28.8124,0.982256,-2.07996,-0.030943,0.0870609
20,25,50,55,29.2225,26.0383,26.7082,18.3435,27.7433,0.257566,-1.9255,0.000932238,0.078041
20,25,55,60,26.5133,23.3069,28.5616,19.6709,25.5113,-0.0849334,-1.52744,0.0156688,0.0602401
20,25,60,65,21.4004,18.2566,32.7866,24.1814,20.7765,-0.200021,-1.03444,0.0144464,0.0393565
20,25,65,70,14.2549,11.9461,35.3988,28.9223,13.7336,-0.246181,-0.622262,0.011094,0.0250095
20,25,70,75,8.181,6.32232,43.3521,47.3367,7.7612,-0.281261,-0.310484,0.00822218,0.0125003
20,25,75,80,2.87188,1.41131,73.2839,64.0847,2.76599,-0.18549,-0.048521,0.00053957,0.00200686
25,30,0,5,30.6009,27.6708,25.0896,17.5449,28.3003,1.33632,-2.26984,-0.0390524,0.0945093
25,30,5,10,29.355,26.6026,25.9753,18.6939,27.4614,0.211178,-1.99998,0.00420655,0.082967
25,30,10,15,26.614,24.0796,26.5982,20.1698,25.2697,-0.0436224,-1.56573,0.0239837,0.0641967
25,30,15,20,24.848,21.9729,27.0779,19.0215,23.886,0.388769,-1.25833,0.00658258,0.0520866
25,30,20,25,24.5353,21.883,27.0735,20.426,23.7667,1.06661,-1.16797,-0.0174648,0.0500184
25,30,25,30,25.1463,22.3085,27.3518,19.2102,24.2862,1.80174,-1.1588,-0.0491315,0.0511047
25,30,30,35,27.5048,24.5683,27.0971,19.1624,26.2522,2.39003,-1.45042,-0.080307,0.0644085
25,30,35,40,30.1804,27.0554,26.3945,18.1872,28.4046,2.26518,-1.86929,-0.0810556,0.0811664
25,30,40,45,30.7276,27.4465,25.9438,17.6271,28.8914,1.66853,-2.02098,-0.058238,0.0867827
25,30,45,50,30.6142,27.7769,26.3915,18.7852,28.9243,0.930406,-2.09002,-0.0264347,0.0873106
25,30,50,55,29.2735,26.2342,26.4243,17.9106,27.7434,0.262818,-1.90666,-0.000218615,0.0765667
25,30,55,60,26.572,23.1362,29.3456,19.0492,25.481,-0.0759446,-1.4852,0.0149195,0.0576324
25,30,60,65,21.4081,17.9732,32.9701,23.5281,20.7861,-0.223923,-1.03569,0.0152742,0.0398728
25,30,65,70,14.2561,11.9298,34.7263,30.8263,13.7116,-0.242191,-0.60227,0.0105897,0.0239912
25,30,70,75,8.2199,6.12675,43.5478,41.9469,7.80484,-0.302585,-0.312057,0.00921832,0.0126724
25,30,75,80,2.85015,0,73.4946,0,2.73217,-0.191475,-0.0383059,0.000894242,0.00169378
30,35,0,5,30.479,27.5767,25.4289,18.0083,28.3202,1.31717,-2.2403,-0.0377834,0.0929677
30,35,5,10,29.3793,26.3472,26.2217,18.0228,27.4751,0.280765,-1.99887,5.07535e-05,0.083079
30,35,10,15,26.7744,23.7065,27.3447,18.9907,25.3105,0.0118288,-1.58336,0.0186713,0.0655071
30,35,15,20,24.8858,22.4008,27.3879,20.1977,23.9043,0.409835,-1.24195,0.00433359,0.051035
30,35,20,25,24.6211,21.8312,27.5496,19.6517,23.7655,1.10025,-1.13136,-0.019013,0.0480448
30,35,25,30,25.2054,22.5332,27.2384,19.7779,24.3361,1.7687,-1.13664,-0.047169,0.0499871
30,35,30,35,27.4954,24.4483,27.395,18.7879,26.2596,2.4515,-1.421,-0.0855641,0.0628945
30,35,35,40,30.0664,26.9075,25.2828,17.7963,28.4324,2.24242,-1.87266,-0.0797368,0.0821151
30,35,40,45,30.8511,27.7666,26.4562,18.0974,29.0132,1.64237,-2.01323,-0.055783,0.0858287
30,35,45,50,30.7268,27.5599,26.7769,18.0103,28.8172,0.993154,-2.03473,-0.0304381,0.084587
30,35,50,55,29.3121,26.1946,26.392,18.3417,27.7896,0.316377,-1.89506,-0.00165386,0.076311
30,35,55,60,26.7472,23.4509,28.3448,18.7278,25.7458,-0.0439713,-1.50135,0.0144984,0.0580918
30,35,60,65,21.6752,18.2957,32.9507,23.3646,20.9844,-0.170519,-1.00546,0.0130248,0.0377645
30,35,65,70,14.4334,12.1335,34.5079,28.9619,13.9601,-0.254303,-0.622025,0.0101465,0.0245879
30,35,70,75,8.2552,6.29012,42.5428,46.4534,7.91082,-0.340056,-0.305401,0.0115357,0.0120752
30,35,75,80,2.86504,0,72.7291,0,2.75532,-0.209608,-0.0297842,0.00173029,0.00102742
35,40,0,5,30.5439,27.6039,25.4409,17.7193,28.2259,1.43733,-2.2126,-0.0458084,0.0916159
35,40,5,10,29.3903,26.1923,26.1802,17.9436,27.4235,0.265752,-1.97476,-0.00123096,0.0821125
35,40,10,15,26.7295,23.7615,27.4214,19.1184,25.3473,0.0398387,-1.54662,0.017209,0.0632992
35,40,15,20,24.95,22.0005,27.695,19.852,23.9487,0.455112,-1.23912,0.00140572,0.0512802
35,40,20,25,24.7454,21.8349,27.5925,20.0483,23.8759,1.14578,-1.14118,-0.0230187,0.0486228
35,40,25,30,25.2939,22.6198,27.305,19.8667,24.3927,1.81001,-1.12057,-0.0502682,0.0491129
35,40,30,35,27.3575,24.607,26.4058,19.3142,26.1756,2.39705,-1.3936,-0.0812015,0.0617811
35,40,35,40,30.145,27.0766,26.5758,18.3403,28.4762,2.30617,-1.85962,-0.0819175,0.0815543
35,40,40,45,30.7996,27.4128,26.0429,17.6481,28.9464,1.69913,-1.98451,-0.0564241,0.0852305
35,40,45,50,30.7521,27.5454,26.0034,17.6825,28.9364,1.08911,-2.02642,-0.0335706,0.0845827
35,40,50,55,29.4645,26.1464,26.588,18.0559,27.9346,0.377581,-1.86383,-0.00500647,0.0743781
35,40,55,60,26.9514,23.6419,29.1002,19.7078,25.8487,0.00568196,-1.4561,0.0114925,0.0557918
35,40,60,65,21.8209,18.4694,33.2932,24.066,21.1509,-0.110237,-1.01479,0.00783291,0.0380822
35,40,65,70,14.6697,12.2885,34.9001,29.1827,14.099,-0.249999,-0.614989,0.0105678,0.023847
35,40,70,75,8.3251,6.35132,43.4124,45.154,7.9389,-0.343448,-0.297127,0.011269,0.0114107
35,40,75,80,2.88959,0,73.9508,0,2.75798,-0.204802,-0.0291828,0.00109803,0.000940897
40,45,0,5,30.5658,27.3798,25.7574,17.8342,28.3282,1.42901,-2.20633,-0.0450343,0.0916379
40,45,5,10,29.3964,26.1122,26.1292,17.767,27.4738,0.383534,-1.94583,-0.00814579,0.0803649
40,45,10,15,26.774,24.1427,26.3222,19.6244,25.3668,0.0984494,-1.55653,0.010501,0.0641868
40,45,15,20,24.9542,22.1385,27.7753,19.4592,23.942,0.488311,-1.21522,-0.00161008,0.0500067
40,45,20,25,24.682,21.6067,27.4196,18.9364,23.7678,1.14302,-1.11,-0.0242563,0.0469574
40,45,25,30,25.1932,22.4935,27.5631,19.7367,24.3647,1.84175,-1.12007,-0.0530025,0.0497734
40,45,30,35,27.3505,24.5181,26.7285,18.8674,26.144,2.43659,-1.36623,-0.0809429,0.0610062
40,45,35,40,30.1633,26.903,26.21,17.5886,28.415,2.27086,-1.81633,-0.0773675,0.0795075
40,45,40,45,30.9634,27.6229,26.0318,17.7107,29.1239,1.75653,-1.96481,-0.0599921,0.0838896
40,45,45,50,30.859,27.7923,25.8523,17.8557,29.0714,1.05329,-1.99662,-0.032124,0.0828317
40,45,50,55,29.6814,26.4748,26.6314,18.1343,28.0359,0.280741,-1.82259,0.0004708,0.0726216
40,45,55,60,26.9105,23.5554,28.4009,18.8879,25.9025,-0.0298871,-1.4229,0.0098735,0.054352
40,45,60,65,21.7962,18.3119,32.4905,22.1845,21.1863,-0.141311,-0.988767,0.00837568,0.0368958
40,45,65,70,14.5057,12.1725,35.3974,30.5997,14.1128,-0.246522,-0.611743,0.00962222,0.0236915
40,45,70,75,8.2049,6.22732,43.5319,47.0461,7.89699,-0.345332,-0.279393,0.0108496,0.0103692
40,45,75,80,2.89145,2.89145,73.6202,2.12869,2.78165,-0.21851,-0.0309097,0.0015798,0.00114171
45,50,0,5,30.5238,27.5948,25.4945,17.8584,28.3323,1.4972,-2.17144,-0.0518998,0.0892315
45,50,5,10,29.5229,26.7837,25.5818,18.674,27.5653,0.397178,-1.96234,-0.0101611,0.0817474
45,50,10,15,26.7742,23.665,26.6023,18.4302,25.3535,0.100858,-1.54184,0.0103916,0.0633038
45,50,15,20,25.0082,22.017,28.0646,19.7798,24.009,0.538101,-1.23122,-0.00603839,0.051193
45,50,20,25,24.5728,21.9347,27.1027,20.3179,23.7395,1.1693,-1.07442,-0.0271053,0.0454881
45,50,25,30,25.3072,22.3977,27.5174,19.4306,24.45,1.91326,-1.0619,-0.057423,0.0459741
45,50,30,35,27.5446,24.8259,26.4394,19.2484,26.5078,2.42027,-1.38623,-0.0796615,0.0612851
45,50,35,40,30.3552,27.3253,25.7202,17.9325,28.7441,2.25893,-1.77662,-0.0755593,0.077106
45,50,40,45,31.1036,28.1025,25.4112,17.9071,29.3573,1.64592,-1.90562,-0.0546073,0.080615
45,50,45,50,31.022,28.0892,25.0941,18.076,29.28,0.97007,-1.94268,-0.0272069,0.0797779
45,50,50,55,29.6869,26.3655,26.5869,18.1359,28.209,0.272586,-1.82521,-0.00118412,0.0730355
45,50,55,60,26.9042,23.604,28.7153,19.6307,25.9027,-0.0238285,-1.37459,0.00794224,0.0521383
45,50,60,65,21.7479,18.2738,33.6723,22.6167,21.1823,-0.125132,-0.967701,0.00511059,0.0357647
45,50,65,70,14.5284,12.1903,34.7992,27.4704,14.0761,-0.226042,-0.588173,0.00678234,0.0224237
45,50,70,75,8.3046,6.31104,42.5473,38.2441,7.95044,-0.34731,-0.279098,0.0110713,0.0101637
45,50,75,80,2.8867,0,73.3643,0,2.76077,-0.212281,-0.0236008,0.00139353,0.000710268
50,55,0,5,30.5614,27.5606,25.5256,17.7091,28.4586,1.48929,-2.16822,-0.0507222,0.0887221
50,55,5,10,29.5278,26.2109,26.5688,17.5277,27.6588,0.460555,-1.9631,-0.0141317,0.0820223
50,55,10,15,26.9125,23.7552,27.407,18.8511,25.5699,0.174148,-1.53674,0.00633418,0.0632056
50,55,15,20,25.1494,22.2395,27.7464,19.9074,24.1776,0.607807,-1.18237,-0.00831682,0.0486425
50,55,20,25,25.0482,22.2039,27.5861,19.8508,24.1463,1.20402,-1.06169,-0.0260877,0.0443268
50,55,25,30,25.6629,22.5513,27.9437,18.6628,24.8551,1.87911,-1.03202,-0.0532205,0.0437261
50,55,30,35,28.0309,24.9857,26.7459,19.272,26.8148,2.38677,-1.35283,-0.0786451,0.0594302
50,55,35,40,30.6692,27.4943,26.1961,17.6261,28.995,2.23576,-1.77254,-0.0761856,0.076201
50,55,40,45,31.3638,27.9835,26.0989,16.9709,29.5687,1.62391,-1.90443,-0.0537854,0.0798411
50,55,45,50,31.1883,28.2049,25.865,17.776,29.409,0.963294,-1.94004,-0.0279736,0.0797714
50,55,50,55,29.7811,26.3937,26.5614,17.7542,28.2705,0.272893,-1.80056,-0.00222794,0.0718643
50,55,55,60,27.0877,23.8683,28.8761,19.4046,26.0174,-0.0228953,-1.3704,0.00798605,0.0515223
50,55,60,65,21.7493,18.4778,32.4366,23.8972,21.1656,-0.14321,-0.927737,0.00716028,0.0337229
50,55,65,70,14.5352,12.0921,35.4976,28.8955,14.0853,-0.226248,-0.580077,0.00657416,0.0220015
50,55,70,75,8.3366,6.35714,43.8866,25.4863,7.94429,-0.305889,-0.280874,0.00764411,0.0104821
50,55,75,80,2.91909,0,71.4662,0,2.77272,-0.201721,-0.0260653,0.000633377,0.000897217
55,60,0,5,30.4902,27.5732,25.6988,18.102,28.4059,1.60867,-2.17631,-0.0566776,0.090367
55,60,5,10,29.6485,26.7603,25.8692,18.5662,27.713,0.56491,-1.94807,-0.0186935,0.0814267
55,60,10,15,27.0877,24.352,27.3019,19.7911,25.6841,0.319687,-1.50122,-0.00110579,0.0613396
55,60,15,20,25.4119,22.5571,27.3294,18.6482,24.4307,0.679461,-1.19082,-0.0127674,0.0491122
55,60,20,25,25.2996,22.3386,27.8888,19.2599,24.4704,1.19714,-1.09412,-0.0266209,0.0457621
55,60,25,30,25.7076,23.0349,26.7828,19.7568,24.8823,1.93018,-1.00869,-0.0577079,0.0428028
55,60,30,35,28.0028,24.8796,26.2603,18.3637,26.8829,2.42956,-1.33851,-0.0794996,0.058739
55,60,35,40,30.7766,27.7612,25.8603,17.8067,29.1491,2.22718,-1.78486,-0.0742337,0.076784
55,60,40,45,31.3685,28.2867,26.255,17.5897,29.5708,1.65022,-1.88958,-0.0551742,0.0793393
55,60,45,50,31.2338,28.0982,25.8763,17.4535,29.4716,0.988738,-1.9393,-0.0298651,0.0799219
55,60,50,55,29.7824,26.48,27.0597,17.7298,28.2149,0.266895,-1.76987,-0.000291224,0.070633
55,60,55,60,26.9889,23.4975,27.9009,18.2139,26.0013,0.0204642,-1.34183,0.0044423,0.0504622
55,60,60,65,21.8837,18.4743,33.1474,24.0553,21.2073,-0.0894462,-0.93582,0.000537961,0.0345133
55,60,65,70,14.4642,11.9959,35.093,27.1319,14.0272,-0.210956,-0.545879,0.00538459,0.0202369
55,60,70,75,8.3047,6.34278,43.9247,31.6659,7.96597,-0.317742,-0.280847,0.00867492,0.010421
55,60,75,80,2.90069,0,72.3531,0,2.76809,-0.223057,-0.0190626,0.00208056,0.000476256
60,65,0,5,30.7881,27.8509,25.8105,18.1603,28.6741,1.5657,-2.1967,-0.0553131,0.0915075
60,65,5,10,29.6491,26.8604,26.1647,18.4514,27.8317,0.54181,-1.93753,-0.0198259,0.0809663
60,65,10,15,26.873,21.3156,26.4588,23.2777,25.6098,0.3004,-1.4678,-0.00224377,0.060503
60,65,15,20,25.4442,22.5832,27.0555,19.4555,24.5093,0.701303,-1.17797,-0.0146142,0.0483387
60,65,20,25,25.2876,22.3986,27.5891,19.7228,24.4623,1.2923,-1.05007,-0.0334755,0.0437671
60,65,25,30,25.9362,23.2438,26.9115,19.9426,25.1418,1.89597,-1.0467,-0.0549584,0.0448518
60,65,30,35,28.1736,25.1454,27.4596,18.8563,27.0435,2.42258,-1.35527,-0.0799901,0.0593844
60,65,35,40,30.8471,27.4456,26.716,17.2483,29.1449,2.19486,-1.78618,-0.071366,0.0772878
60,65,40,45,31.246,28.1544,25.9367,17.9313,29.5698,1.62947,-1.86408,-0.0535351,0.0785357
60,65,45,50,31.2094,28.0748,25.8053,18.0282,29.4483,0.987587,-1.91848,-0.0310704,0.0789299
60,65,50,55,29.7201,26.4579,26.6148,17.8648,28.2835,0.264838,-1.76751,-7.23187e-05,0.0707333
60,65,55,60,26.9785,23.7857,29.0301,20.1243,26.0033,0.0240535,-1.33216,0.00468685,0.0504078
60,65,60,65,21.8577,18.2443,33.3001,22.953,21.2265,-0.0832135,-0.926006,0.000362868,0.0345532
60,65,65,70,14.4719,11.9052,35.8458,24.679,14.0531,-0.203464,-0.538998,0.004816,0.0199487
60,65,70,75,8.2615,6.39032,44.4739,22.3385,7.95474,-0.334357,-0.252686,0.00906564,0.00873291
60,65,75,80,2.89422,0,72.2411,0,2.77152,-0.216034,-0.0148107,0.00151681,0.000179042
65,70,0,5,31.4832,28.5993,25.773,18.2704,29.4344,1.60746,-2.15912,-0.0578653,0.0884051
65,70,5,10,30.127,27.114,25.2527,18.0225,28.3569,0.533663,-1.88054,-0.0238526,0.0776041
65,70,10,15,27.3134,24.3245,27.5124,19.0612,26.0183,0.31125,-1.47741,-0.00539055,0.0609379
65,70,15,20,25.5402,22.6747,27.4901,19.6088,24.6817,0.694724,-1.22222,-0.0156971,0.0513014
65,70,20,25,25.2308,22.6482,26.8801,20.357,24.4437,1.2959,-1.07234,-0.0322701,0.0454482
65,70,25,30,25.8226,22.881,27.8592,20.0153,24.9791,1.92399,-1.02195,-0.0572447,0.0436678
65,70,30,35,28.0576,24.8928,26.3337,18.0376,26.999,2.42918,-1.35355,-0.0790987,0.0600788
65,70,35,40,30.7198,26.1384,25.3449,11.3326,29.1104,2.19414,-1.75958,-0.0715461,0.076542
65,70,40,45,31.3625,28.2428,26.091,17.6829,29.6781,1.61037,-1.89005,-0.0516194,0.0798927
65,70,45,50,31.1761,27.8667,26.3387,17.3758,29.4151,0.998278,-1.90782,-0.0305423,0.0789256
65,70,50,55,29.7172,26.4601,26.3704,17.6949,28.2739,0.303712,-1.74638,-0.00319327,0.0700111
65,70,55,60,27.0105,23.5458,28.8901,19.0007,26.0015,0.0284651,-1.31551,0.00471228,0.0501784
65,70,60,65,21.9319,18.6703,33.1386,24.1128,21.2737,-0.037885,-0.90298,-0.00112203,0.0331326
65,70,65,70,14.4465,11.8609,36.253,25.2164,14.091,-0.193998,-0.553704,0.00451692,0.0210691
65,70,70,75,8.246,6.29538,43.5751,44.3618,7.94822,-0.339541,-0.243389,0.0096803,0.00816241
65,70,75,80,2.92564,0,72.2878,0,2.78639,-0.21331,-0.0219465,0.0014738,0.000626548
70,75,0,5,31.5127,28.4981,24.9102,17.2469,29.502,1.61814,-2.13266,-0.0591592,0.0873834
70,75,5,10,30.5434,27.5926,25.6504,17.875,28.7315,0.562187,-1.91663,-0.0241745,0.0796144
70,75,10,15,27.8038,24.6341,27.1361,18.8206,26.584,0.310113,-1.51355,-0.0074984,0.0626724
70,75,15,20,25.9617,22.9689,27.061,19.0297,25.1055,0.730117,-1.21423,-0.0215031,0.0509399
70,75,20,25,25.6545,22.8079,27.5356,19.613,24.8384,1.25396,-1.07281,-0.0340152,0.0456133
70,75,25,30,26.0194,23.0207,27.1795,19.3687,25.4046,1.91591,-1.06792,-0.0595962,0.0461524
70,75,30,35,28.3271,25.0618,27.1504,18.5049,27.2019,2.39132,-1.33895,-0.0775636,0.058396
70,75,35,40,31.1275,27.8342,26.3848,17.8293,29.2809,2.2032,-1.76846,-0.0723211,0.0767388
70,75,40,45,31.4302,28.2727,25.3039,17.3416,29.7593,1.62862,-1.89199,-0.0534463,0.0803699
70,75,45,50,31.2625,28.1278,26.384,17.7904,29.5232,1.02054,-1.89886,-0.03317,0.0783075
70,75,50,55,29.8459,26.3954,26.8027,17.5562,28.4003,0.303768,-1.75589,-0.00264563,0.0707674
70,75,55,60,27.164,23.7966,28.319,18.4523,26.1978,0.0587828,-1.33201,0.00281036,0.0508333
70,75,60,65,22.037,18.4994,33.7191,22.7428,21.3934,-0.0274789,-0.911696,-0.00301196,0.0336265
70,75,65,70,14.5215,11.9907,35.0654,26.853,14.1723,-0.134215,-0.5614,-0.000324747,0.0215441
70,75,70,75,8.25708,6.33139,43.6957,44.8331,8.01421,-0.317378,-0.265361,0.00920589,0.00935806
70,75,75,80,2.93968,0,73.0639,0,2.79957,-0.204263,-0.0307687,0.00096275,0.00110932
75,80,0,5,31.5457,28.4724,25.3463,17.411,29.5092,1.67242,-2.14254,-0.0620076,0.0885083
75,80,5,10,30.6141,27.411,26.3045,17.4669,28.7193,0.611466,-1.91161,-0.0282782,0.0795181
75,80,10,15,27.916,24.8686,27.0905,18.8571,26.6386,0.360526,-1.5351,-0.00991348,0.0641526
75,80,15,20,26.1997,23.0836,26.9884,18.7368,25.2805,0.732234,-1.22704,-0.0206812,0.0519256
75,80,20,25,25.8919,23.193,26.7437,19.601,25.1511,1.27483,-1.10392,-0.0342044,0.0474483
75,80,25,30,26.5064,23.5786,27.9565,19.1091,25.6676,1.87599,-1.10773,-0.0570366,0.0488002
75,80,30,35,28.5748,25.5922,26.7983,18.8775,27.4174,2.39294,-1.37728,-0.0794491,0.0607547
75,80,35,40,31.171,27.8163,26.9105,17.2223,29.3495,2.20378,-1.79208,-0.0740731,0.0784078
75,80,40,45,31.5298,28.1855,25.7415,17.1265,29.8712,1.63936,-1.93792,-0.0536692,0.0827485
75,80,45,50,31.5086,28.0524,25.9626,16.8893,29.7224,1.0307,-1.93632,-0.031014,0.0806122
75,80,50,55,30.1603,27.9192,26.6901,23.028,28.6017,0.363472,-1.76796,-0.00503898,0.0712677
75,80,55,60,27.4704,23.8949,28.4538,18.1798,26.3559,0.142442,-1.3409,-0.00154168,0.0516539
75,80,60,65,22.2274,18.8566,32.4773,23.5904,21.6023,-0.0393056,-0.930183,-0.00087355,0.0350728
75,80,65,70,14.6949,12.1397,34.9005,27.2672,14.3224,-0.0799844,-0.571992,-0.00308663,0.0218451
75,80,70,75,8.3517,6.84899,42.9599,49.3647,8.07572,-0.302,-0.263452,0.00795202,0.00921352
75,80,75,80,2.9312,1.41131,72.6677,64.0846,2.79249,-0.179369,-0.0195099,-0.000785436,0.000414598
80,85,0,5,32.1339,28.9999,24.9944,17.0951,29.9414,1.67246,-2.15994,-0.0611799,0.0885906
80,85,5,10,30.957,28.0033,25.4692,18.2469,29.1494,0.626259,-1.95796,-0.0273228,0.0820872
80,85,10,15,28.2925,25.3235,27.3683,18.8627,26.9575,0.410277,-1.56016,-0.0116674,0.066035
80,85,15,20,26.416,23.5702,27.1873,19.0894,25.6104,0.825484,-1.24725,-0.0253801,0.052697
80,85,20,25,26.2691,23.4568,27.0585,19.9184,25.4673,1.39397,-1.10664,-0.0393721,0.0476057
80,85,25,30,27.0426,23.9969,27.5141,19.3019,26.1914,2.03816,-1.12371,-0.0614381,0.049405
80,85,30,35,29.2846,26.1423,26.4038,18.1872,28.0241,2.55199,-1.39741,-0.0837226,0.0618916
80,85,35,40,31.737,28.4844,26.1391,17.2138,30.0353,2.33051,-1.84031,-0.0792781,0.080011
80,85,40,45,32.0114,28.8718,25.1785,17.3588,30.14,1.70176,-1.93089,-0.0568772,0.0819811
80,85,45,50,31.6509,28.3002,25.5013,16.7267,29.7616,1.03335,-1.97948,-0.0313208,0.0831663
80,85,50,55,30.0507,26.848,26.2026,18.0796,28.457,0.413982,-1.76302,-0.00590852,0.0711145
80,85,55,60,27.6039,24.0903,28.2272,18.3826,26.5829,0.173944,-1.38793,-0.000888211,0.0541764
80,85,60,65,22.3714,18.7603,33.6359,23.4519,21.8122,0.0803124,-0.959513,-0.00729116,0.0364112
80,85,65,70,14.7691,12.2946,36.3815,27.6158,14.4414,-0.0894142,-0.588333,-0.00130077,0.0228697
80,85,70,75,8.42589,6.29258,44.8826,41.9095,8.11656,-0.277257,-0.27236,0.00665145,0.00966357
80,85,75,80,2.97206,0,72.0502,0,2.8143,-0.184499,-0.0307573,-0.000113517,0.000956042
85,90,0,5,33.087,30.0978,24.4083,17.027,30.9522,1.84572,-2.2517,-0.0705123,0.092204
85,90,5,10,32.0589,29.0407,24.069,17.3797,30.042,0.700456,-2.00863,-0.0323263,0.0835482
85,90,10,15,29.2422,21.8432,26.8205,12.8455,27.8088,0.489369,-1.6102,-0.0183018,0.0676334
85,90,15,20,27.3653,24.2231,27.2273,18.4552,26.3778,0.804324,-1.29909,-0.0218396,0.0554168
85,90,20,25,26.969,23.9283,27.1336,18.8462,26.077,1.41282,-1.15083,-0.0400098,0.0494842
85,90,25,30,27.39,24.367,27.4723,18.8837,26.6068,2.05149,-1.13739,-0.0614757,0.0504432
85,90,30,35,29.4497,26.5755,25.6367,18.5013,28.3814,2.61586,-1.38431,-0.086993,0.0606367
85,90,35,40,32.1421,29.0779,25.2517,17.2079,30.382,2.45343,-1.7773,-0.0830651,0.0766207
85,90,40,45,32.6254,29.4893,25.4249,17.3899,30.7967,1.84597,-1.89008,-0.0627366,0.0793592
85,90,45,50,32.5093,28.9587,25.836,17.0288,30.588,1.16037,-1.97007,-0.0389103,0.0818438
85,90,50,55,30.7388,27.4519,26.4981,17.8679,29.0854,0.477581,-1.77498,-0.0131554,0.0712433
85,90,55,60,27.8135,24.518,28.1857,18.9911,26.6312,0.234899,-1.36845,-0.00584496,0.0532026
85,90,60,65,22.4655,18.8196,33.6474,22.3295,21.8071,0.101272,-0.99374,-0.00856187,0.0389634
85,90,65,70,14.8317,12.3307,34.6482,26.9386,14.4599,-0.0808352,-0.591517,-0.00182315,0.0233375
85,90,70,75,8.4159,6.46508,43.6162,27.4783,8.11294,-0.302729,-0.267721,0.00936466,0.00938292
85,90,75,80,2.92032,0,72.656,0,2.77543,-0.197822,-0.0222671,0.000659489,0.000631722
90,95,0,5,34.0457,31.0115,24.1773,16.8652,31.7103,1.86745,-2.33201,-0.0707836,0.0957648
90,95,5,10,32.8508,29.875,24.2076,17.1478,30.8699,0.718398,-2.11795,-0.0317576,0.0883826
90,95,10,15,29.8198,26.7129,25.7504,17.9444,28.3821,0.359463,-1.65342,-0.0076911,0.0692514
90,95,15,20,27.9243,24.9543,27.0024,19.1365,26.9687,0.778904,-1.34066,-0.0180568,0.0574644
90,95,20,25,27.5981,24.7333,26.2259,18.5462,26.6819,1.4411,-1.17039,-0.0369338,0.0508879
90,95,25,30,28.3029,25.336,26.2842,18.2045,27.4161,2.10531,-1.18145,-0.0607763,0.0525652
90,95,30,35,30.528,27.6075,25.7727,18.5131,29.338,2.61876,-1.4435,-0.0825367,0.0639382
90,95,35,40,33.324,30.1416,25.3988,17.3671,31.5286,2.48871,-1.87421,-0.0819214,0.0814991
90,95,40,45,33.9827,30.6879,24.9925,16.6331,31.8963,1.90561,-2.01399,-0.0644774,0.0860172
90,95,45,50,33.4338,30.4154,24.4164,17.0081,31.5015,1.19533,-2.00602,-0.0384332,0.0830527
90,95,50,55,31.8188,28.5794,25.2231,17.6027,30.1987,0.476268,-1.85537,-0.0128843,0.0747828
90,95,55,60,28.7353,25.6795,27.8756,19.3048,27.6712,0.188996,-1.43051,-0.00503062,0.0560779
90,95,60,65,23.1853,19.87,32.4041,22.6907,22.5446,0.0414798,-1.01868,-0.00743798,0.0400391
90,95,65,70,15.2141,12.8068,34.307,26.6261,14.8197,-0.131017,-0.594678,0.000510363,0.0232547
90,95,70,75,8.57957,6.58797,42.6573,34.8638,8.26065,-0.297932,-0.274508,0.00763032,0.00979873
90,95,75,80,2.96183,0,72.8279,0,2.81413,-0.201673,-0.0288331,0.000561583,0.000931427
